exit_detail_id,employee_id,exit_date,exit_reason_id,manager_rating,would_rehire,exit_interview_completed
1,4,2025-01-05,2,1,No,Yes
2,8,2025-06-14,3,2,No,No
3,9,2024-05-07,3,2,Yes,Yes
4,12,2024-05-01,1,1,No,No
5,19,2025-06-15,1,5,No,No
6,20,2023-04-04,7,5,Yes,Yes
7,21,2025-11-23,7,1,No,Yes
8,22,2025-11-03,5,3,No,No
9,30,2023-02-09,5,5,No,No
10,32,2025-07-14,1,4,Yes,No
11,37,2023-11-06,5,2,No,Yes
12,38,2025-11-08,7,4,Yes,Yes
13,44,2025-12-05,2,5,Yes,No
14,46,2022-01-08,6,2,Yes,Yes
15,48,2024-11-16,7,1,No,Yes
16,53,2025-01-11,6,4,No,Yes
17,57,2022-09-07,1,4,Yes,No
18,59,2025-05-25,4,1,Yes,Yes
19,61,2023-01-03,1,3,Yes,Yes
20,63,2025-06-07,5,5,No,No
21,74,2023-03-03,1,4,Yes,Yes
22,79,2024-02-26,1,5,No,No
23,81,2025-07-25,4,2,Yes,No
24,88,2025-01-25,8,5,No,No
25,91,2025-05-27,1,2,Yes,Yes
26,93,2024-08-16,7,4,Yes,Yes
27,95,2025-11-14,4,1,Yes,No
28,99,2025-06-19,2,4,No,Yes
29,102,2025-12-03,2,5,No,Yes
30,104,2025-12-26,7,5,Yes,No
31,107,2025-12-31,1,2,Yes,No
32,111,2023-10-17,1,1,Yes,No
33,120,2025-12-26,2,3,No,Yes
34,121,2025-06-16,1,2,Yes,No
35,130,2025-04-14,4,2,Yes,Yes
36,133,2023-12-27,2,3,No,Yes
37,136,2024-12-07,1,4,No,Yes
38,148,2025-05-31,1,1,No,No
39,150,2025-09-05,7,2,Yes,Yes
40,154,2025-01-25,6,4,No,Yes
41,156,2025-10-26,8,5,Yes,Yes
42,169,2022-11-27,1,4,No,Yes
43,172,2022-09-11,1,3,Yes,Yes
44,174,2025-01-19,1,4,No,Yes
45,180,2024-02-18,3,5,Yes,No
46,186,2025-10-17,2,2,Yes,No
47,188,2025-11-27,3,1,Yes,Yes
48,191,2023-11-25,1,5,Yes,No
49,192,2025-11-18,6,3,No,Yes
50,193,2024-07-17,1,1,No,Yes
51,195,2025-12-31,1,4,Yes,No
52,201,2024-03-14,2,1,Yes,No
53,203,2024-12-22,1,4,No,Yes
54,211,2025-02-27,1,3,Yes,Yes
55,213,2025-12-29,1,3,Yes,No
56,215,2025-10-26,4,2,Yes,No
57,223,2025-02-26,1,4,Yes,Yes
58,229,2025-06-15,4,3,No,No
59,238,2025-03-12,7,2,Yes,Yes
60,247,2025-11-02,4,1,Yes,Yes
61,253,2025-05-25,1,3,Yes,Yes
62,255,2023-08-08,1,3,Yes,No
63,259,2024-01-22,8,4,Yes,Yes
64,261,2025-06-12,8,5,Yes,Yes
65,287,2022-01-26,2,4,No,No
66,288,2025-03-28,2,1,Yes,No
67,289,2024-04-17,1,2,Yes,No
68,292,2025-10-04,4,5,Yes,Yes
69,295,2023-04-01,8,2,No,Yes
70,297,2022-10-22,2,4,No,No
71,305,2025-08-28,1,4,Yes,No
72,309,2024-05-21,2,5,No,No
73,316,2025-11-14,7,5,No,No
74,324,2024-02-14,1,1,Yes,Yes
75,331,2025-04-22,3,5,Yes,Yes
76,336,2025-01-22,1,2,No,Yes
77,341,2025-09-15,7,3,No,Yes
78,357,2025-09-13,7,3,Yes,No
79,362,2025-11-10,7,4,Yes,Yes
80,365,2023-10-11,1,2,Yes,No
81,368,2023-11-03,1,2,No,No
82,376,2023-10-24,4,1,Yes,No
83,378,2025-12-22,1,4,Yes,No
84,379,2022-06-03,2,2,Yes,No
85,382,2025-11-08,2,5,No,No
86,385,2023-02-01,4,2,Yes,Yes
87,386,2024-12-21,4,3,No,Yes
88,389,2024-01-14,3,3,Yes,Yes
89,391,2025-10-10,2,2,Yes,Yes
90,393,2025-12-19,7,1,Yes,No
91,394,2025-04-02,2,4,No,Yes
92,395,2025-12-04,5,5,Yes,Yes
93,398,2022-11-23,4,2,Yes,No
94,402,2025-01-24,2,5,Yes,No
95,405,2022-08-07,7,1,Yes,No
96,414,2025-10-10,3,5,Yes,No
97,422,2024-07-03,1,4,Yes,Yes
98,433,2023-11-16,1,1,Yes,No
99,435,2025-10-17,1,1,Yes,Yes
100,442,2025-12-21,1,1,No,No
101,445,2023-01-17,6,1,Yes,No
102,448,2025-11-25,4,3,No,Yes
103,449,2025-03-14,4,4,Yes,No
104,450,2025-10-26,4,3,Yes,Yes
105,452,2023-06-22,1,3,No,No
106,466,2024-12-30,8,3,No,Yes
107,470,2023-09-11,1,4,No,Yes
108,474,2025-04-24,4,1,Yes,No
109,478,2022-03-28,2,2,No,No
110,480,2025-07-10,7,3,Yes,No
111,487,2024-10-12,3,3,No,No
112,499,2022-08-01,4,4,Yes,No
113,502,2025-11-30,5,5,No,No
114,507,2025-11-09,6,5,No,Yes
115,509,2025-11-11,2,5,Yes,No
116,510,2025-12-10,7,1,Yes,No
117,519,2025-02-13,2,1,Yes,No
118,526,2025-10-31,1,4,Yes,Yes
119,527,2025-10-05,8,3,Yes,No
120,531,2022-02-16,2,1,Yes,Yes
121,533,2025-01-06,1,3,Yes,Yes
122,538,2024-08-30,6,5,Yes,No
123,539,2025-03-27,2,1,Yes,No
124,543,2023-10-07,3,2,No,Yes
125,544,2025-10-16,7,4,Yes,Yes
126,550,2023-02-17,3,3,Yes,No
127,555,2025-06-30,2,3,Yes,No
128,565,2025-06-07,1,4,Yes,No
129,571,2025-11-18,2,1,No,Yes
130,572,2024-05-21,7,4,Yes,No
131,578,2023-07-06,1,2,Yes,Yes
132,581,2025-12-30,4,5,No,No
133,591,2025-09-11,1,2,No,Yes
134,596,2025-03-28,3,3,Yes,No
135,600,2025-08-08,4,5,Yes,No
136,602,2025-09-18,1,2,Yes,No
137,603,2025-12-22,5,4,Yes,No
138,605,2022-04-09,1,4,Yes,Yes
139,609,2024-02-09,1,1,Yes,No
140,615,2025-07-15,1,5,Yes,Yes
141,616,2024-06-29,2,2,Yes,Yes
142,617,2025-05-16,5,2,Yes,No
143,618,2025-06-28,5,3,Yes,No
144,619,2023-03-29,3,5,No,Yes
145,623,2024-01-31,1,1,Yes,No
146,626,2025-06-03,6,2,Yes,Yes
147,631,2025-07-18,1,2,No,No
148,632,2025-04-07,6,1,No,Yes
149,634,2025-09-10,1,2,Yes,No
150,635,2024-07-18,7,5,No,No
151,636,2025-10-30,4,4,No,No
152,647,2025-10-10,4,4,No,No
153,654,2024-07-18,1,1,Yes,No
154,663,2025-03-29,2,1,No,No
155,668,2023-08-12,7,3,No,No
156,670,2025-04-01,6,5,No,Yes
157,680,2025-12-24,8,2,Yes,Yes
158,690,2023-12-22,6,1,Yes,Yes
159,692,2024-07-08,2,5,Yes,Yes
160,697,2025-02-08,1,3,No,Yes
161,703,2024-12-27,4,4,Yes,Yes
162,704,2025-09-20,1,3,Yes,Yes
163,707,2023-08-22,1,5,Yes,Yes
164,712,2024-08-16,1,2,Yes,No
165,721,2025-05-12,6,1,Yes,Yes
166,722,2025-06-30,2,2,No,Yes
167,726,2025-12-18,2,5,No,No
168,729,2025-01-08,2,3,Yes,Yes
169,732,2024-03-22,2,3,No,No
170,738,2024-11-19,1,1,No,Yes
171,740,2025-12-27,1,2,No,No
172,741,2024-06-03,3,4,Yes,Yes
173,744,2024-09-23,2,5,No,Yes
174,745,2023-01-05,1,2,Yes,No
175,748,2025-12-30,1,4,Yes,Yes
176,752,2023-11-05,3,4,No,Yes
177,753,2025-11-13,1,3,Yes,Yes
178,774,2023-12-27,1,1,Yes,Yes
179,776,2023-08-08,1,2,No,No
180,785,2025-11-17,4,1,Yes,No
181,786,2023-10-24,2,5,Yes,No
182,791,2025-12-12,5,5,Yes,No
183,797,2025-07-06,1,2,Yes,No
184,803,2023-09-02,4,4,Yes,No
185,810,2025-05-19,4,5,Yes,Yes
186,813,2024-10-21,1,5,Yes,No
187,828,2025-12-30,3,4,No,Yes
188,846,2024-07-17,1,3,Yes,No
189,848,2024-09-09,4,2,Yes,Yes
190,849,2025-10-18,6,5,Yes,No
191,851,2025-02-16,4,5,No,Yes
192,852,2024-11-05,7,4,Yes,No
193,857,2024-10-11,4,1,Yes,Yes
194,858,2023-07-01,8,5,Yes,Yes
195,860,2023-08-05,8,4,Yes,No
196,862,2025-08-16,3,1,Yes,No
197,864,2022-12-16,1,4,Yes,No
198,865,2023-10-17,1,5,Yes,Yes
199,866,2025-11-02,1,1,Yes,No
200,874,2023-10-18,8,3,Yes,No
201,877,2022-04-05,4,5,Yes,No
202,878,2025-11-30,8,5,Yes,No
203,880,2025-08-16,1,4,Yes,Yes
204,886,2024-04-18,2,4,Yes,No
205,887,2025-10-05,1,1,Yes,No
206,890,2024-02-01,1,4,Yes,No
207,891,2025-10-24,1,4,Yes,Yes
208,898,2025-12-13,1,5,No,No
209,899,2025-01-14,1,3,Yes,No
210,904,2024-06-11,7,2,Yes,No
211,906,2025-09-20,4,2,Yes,No
212,907,2025-12-20,3,2,No,Yes
213,910,2024-09-22,1,2,Yes,No
214,920,2024-11-03,1,3,No,No
215,922,2023-06-07,5,3,Yes,Yes
216,923,2024-11-16,2,5,Yes,Yes
217,926,2025-07-05,1,1,Yes,Yes
218,929,2024-11-02,1,3,Yes,Yes
219,930,2023-01-26,1,4,Yes,Yes
220,931,2024-05-25,8,5,Yes,No
221,937,2025-09-16,2,1,Yes,Yes
222,943,2025-10-24,1,2,No,Yes
223,946,2023-09-04,2,5,Yes,Yes
224,949,2025-07-02,6,5,Yes,Yes
225,951,2025-11-06,4,5,Yes,Yes
226,952,2024-08-05,7,3,Yes,No
227,960,2025-02-02,7,4,Yes,No
228,961,2024-05-21,5,1,Yes,No
229,963,2023-06-05,1,2,Yes,Yes
230,965,2025-11-23,4,5,No,Yes
231,966,2024-03-11,1,2,No,No
232,983,2025-10-23,8,5,Yes,No
233,985,2025-04-28,7,3,Yes,No
234,987,2023-11-15,4,2,No,Yes
235,988,2023-06-01,1,4,Yes,No
236,991,2025-12-28,1,3,No,No
237,1001,2024-10-20,4,4,No,No
238,1009,2025-12-08,4,5,No,Yes
239,1017,2025-09-12,1,4,Yes,No
240,1031,2024-12-08,1,1,No,No
241,1035,2025-11-26,4,5,Yes,No
242,1047,2025-03-17,2,3,No,Yes
243,1056,2024-06-21,4,3,Yes,No
244,1057,2023-07-28,1,4,Yes,No
245,1061,2024-03-12,7,5,Yes,No
246,1069,2024-05-07,8,1,Yes,Yes
247,1071,2024-04-26,2,1,No,Yes
248,1076,2023-03-19,3,5,No,No
249,1081,2024-09-09,8,4,Yes,Yes
250,1084,2025-05-03,2,4,Yes,No
251,1085,2025-11-23,8,2,No,No
252,1088,2025-09-08,1,4,No,No
253,1089,2025-10-04,5,4,No,No
254,1091,2024-08-13,2,5,No,Yes
255,1093,2024-11-10,4,1,No,Yes
256,1103,2025-12-25,3,1,Yes,No
257,1104,2023-11-24,3,4,No,No
258,1108,2023-06-16,1,2,Yes,Yes
259,1110,2025-07-23,7,4,Yes,Yes
260,1126,2025-04-10,2,3,Yes,No
261,1133,2024-04-24,1,1,No,No
262,1141,2025-06-16,6,4,No,Yes
263,1160,2025-07-31,2,1,No,No
264,1164,2025-06-30,1,4,Yes,Yes
265,1179,2024-10-12,1,2,No,Yes
266,1183,2025-04-03,8,4,Yes,No
267,1185,2025-11-30,1,5,Yes,Yes
268,1187,2023-07-16,2,4,Yes,No
269,1189,2024-05-23,4,5,Yes,Yes
270,1195,2025-01-16,3,2,No,No
