employee_training_id,employee_id,training_id,training_date,completion_status,score
1,1,1,2025-11-22,In Progress,3.3
2,1,5,2025-03-02,Completed,4.5
3,2,9,2025-06-17,Completed,2.6
4,2,7,2023-10-25,In Progress,4.8
5,2,2,2023-09-22,Completed,3.2
6,3,3,2025-06-21,Completed,4.5
7,4,2,2024-07-22,In Progress,4.5
8,4,8,2023-11-28,Completed,3.1
9,4,1,2023-11-30,Completed,2.6
10,4,4,2024-11-25,Completed,3.5
11,10,2,2025-11-26,In Progress,3.7
12,11,1,2025-11-03,Completed,2.8
13,11,10,2025-09-19,Completed,4.5
14,14,2,2025-03-02,Completed,4.1
15,15,6,2023-06-12,Completed,3.3
16,17,3,2023-08-02,In Progress,4.0
17,17,7,2024-03-16,In Progress,2.8
18,19,10,2025-03-30,In Progress,4.3
19,19,9,2024-10-07,Completed,3.2
20,19,5,2025-05-20,Completed,3.8
21,19,2,2025-03-10,In Progress,3.5
22,20,7,2021-11-03,Completed,4.4
23,20,10,2021-04-26,Completed,2.7
24,21,10,2025-09-09,Completed,4.6
25,21,5,2025-10-19,Completed,4.6
26,21,1,2025-10-31,In Progress,3.6
27,22,7,2025-06-21,In Progress,3.7
28,22,5,2025-07-31,In Progress,4.0
29,22,9,2025-06-23,Completed,4.7
30,22,3,2024-08-14,Completed,4.2
31,23,9,2024-06-22,In Progress,3.8
32,23,7,2025-09-08,In Progress,4.8
33,24,1,2025-10-20,In Progress,2.8
34,24,3,2025-12-26,Completed,4.0
35,25,4,2022-03-03,Completed,3.9
36,25,3,2024-07-19,In Progress,2.8
37,25,8,2025-07-15,Completed,3.6
38,25,9,2023-08-21,In Progress,4.2
39,26,9,2021-10-11,Completed,4.0
40,26,8,2025-06-29,Completed,4.3
41,26,6,2022-01-31,In Progress,4.4
42,26,2,2021-09-04,Completed,4.8
43,28,1,2025-05-20,In Progress,3.1
44,29,7,2022-08-04,Completed,3.0
45,29,1,2025-10-21,In Progress,4.4
46,29,3,2023-03-10,Completed,3.8
47,32,10,2025-01-22,In Progress,4.9
48,32,6,2025-02-24,In Progress,3.9
49,33,7,2025-12-21,In Progress,3.8
50,33,9,2025-10-26,Completed,4.8
51,36,3,2024-07-22,Completed,2.8
52,36,6,2025-12-03,In Progress,4.7
53,37,3,2023-04-19,In Progress,4.5
54,37,7,2023-09-29,Completed,4.1
55,37,4,2022-12-02,In Progress,5.0
56,38,9,2025-04-16,In Progress,4.7
57,38,7,2025-02-22,Completed,2.8
58,40,6,2024-04-15,Completed,2.8
59,40,8,2024-06-30,In Progress,3.6
60,41,6,2025-11-18,Completed,2.6
61,41,9,2025-12-06,In Progress,3.0
62,42,7,2025-08-22,Completed,4.5
63,42,4,2025-09-24,Completed,3.4
64,42,8,2025-08-15,Completed,2.9
65,42,10,2025-03-01,In Progress,2.6
66,43,8,2023-08-02,In Progress,4.9
67,43,3,2023-04-04,In Progress,4.5
68,43,5,2024-04-20,Completed,4.3
69,43,1,2023-05-14,Completed,3.3
70,44,7,2025-11-29,Completed,3.2
71,44,9,2025-11-13,In Progress,3.1
72,45,8,2024-03-12,Completed,4.5
73,46,8,2021-12-06,Completed,2.9
74,46,5,2021-10-05,In Progress,3.5
75,46,3,2021-08-22,Completed,3.3
76,49,7,2023-08-23,In Progress,4.5
77,49,2,2024-08-14,Completed,4.4
78,50,6,2025-04-08,In Progress,4.0
79,51,4,2024-11-24,In Progress,2.8
80,51,10,2022-12-10,Completed,4.3
81,51,9,2021-08-08,Completed,3.7
82,52,8,2024-08-28,Completed,3.2
83,52,1,2024-02-16,Completed,3.7
84,52,3,2025-05-05,Completed,2.5
85,52,5,2024-09-01,Completed,3.3
86,53,4,2024-05-23,Completed,3.5
87,53,10,2023-08-29,In Progress,3.6
88,53,8,2023-11-05,Completed,4.4
89,53,5,2024-03-10,In Progress,4.7
90,55,3,2024-01-12,Completed,2.6
91,55,8,2025-07-26,Completed,3.6
92,56,2,2025-10-02,In Progress,3.2
93,56,3,2025-09-01,Completed,3.2
94,57,2,2022-06-06,Completed,3.0
95,58,8,2022-08-15,Completed,3.3
96,58,4,2024-08-14,In Progress,2.8
97,58,9,2023-06-26,Completed,3.3
98,58,5,2024-04-02,In Progress,2.6
99,59,1,2024-10-13,Completed,2.9
100,59,4,2024-11-30,Completed,3.2
101,60,2,2025-01-30,Completed,2.6
102,60,8,2023-10-28,In Progress,4.4
103,61,7,2022-12-05,In Progress,3.1
104,61,8,2022-11-13,Completed,4.6
105,62,9,2024-01-19,Completed,4.1
106,63,2,2025-01-11,Completed,3.2
107,63,3,2024-06-12,In Progress,4.8
108,64,10,2025-06-12,In Progress,3.7
109,64,6,2025-09-08,Completed,4.8
110,64,2,2024-10-17,In Progress,4.2
111,64,4,2025-02-20,In Progress,3.5
112,65,2,2025-09-23,In Progress,3.6
113,66,3,2025-10-05,In Progress,3.1
114,66,6,2025-12-28,Completed,4.3
115,67,5,2025-09-07,In Progress,3.7
116,67,7,2025-09-13,In Progress,3.7
117,67,6,2023-05-26,Completed,3.6
118,68,10,2025-08-13,Completed,4.2
119,68,9,2025-08-11,Completed,4.4
120,69,8,2025-09-07,In Progress,4.4
121,69,10,2025-03-01,Completed,2.8
122,70,2,2022-05-10,In Progress,3.4
123,70,10,2024-05-23,In Progress,2.5
124,70,4,2023-07-13,Completed,2.9
125,70,9,2025-01-18,Completed,3.2
126,71,6,2022-04-24,Completed,4.0
127,72,6,2023-08-11,Completed,3.7
128,74,9,2022-10-15,In Progress,3.5
129,74,2,2023-01-31,Completed,3.6
130,74,5,2022-09-03,Completed,2.5
131,75,6,2023-10-21,Completed,3.1
132,75,4,2025-04-13,Completed,3.0
133,75,8,2023-08-10,In Progress,3.8
134,77,1,2025-03-25,Completed,5.0
135,77,4,2025-02-14,Completed,3.7
136,78,3,2025-04-24,Completed,4.9
137,78,9,2025-02-16,Completed,3.2
138,78,10,2023-10-22,Completed,2.7
139,78,8,2024-08-12,Completed,3.8
140,79,5,2022-03-04,Completed,2.9
141,80,2,2023-06-11,Completed,2.8
142,80,1,2025-03-28,Completed,3.8
143,80,5,2025-04-09,Completed,3.9
144,80,10,2024-10-07,Completed,4.7
145,81,9,2025-05-27,In Progress,4.7
146,81,3,2025-05-10,In Progress,4.5
147,81,1,2025-07-24,Completed,3.0
148,81,7,2025-05-16,Completed,2.8
149,82,1,2025-04-17,Completed,5.0
150,82,8,2023-12-11,Completed,4.9
151,82,3,2023-04-05,Completed,4.7
152,82,7,2025-06-09,Completed,3.3
153,83,9,2024-09-28,Completed,3.5
154,85,1,2025-09-29,Completed,4.4
155,87,9,2022-07-19,In Progress,3.9
156,87,7,2024-10-31,Completed,3.3
157,87,10,2024-04-18,Completed,5.0
158,87,4,2024-10-21,Completed,3.6
159,88,10,2024-06-19,In Progress,2.9
160,89,1,2025-03-18,Completed,3.4
161,90,4,2023-12-24,Completed,2.9
162,92,3,2025-11-20,Completed,2.6
163,92,9,2025-04-12,In Progress,3.3
164,93,3,2022-06-06,Completed,3.4
165,93,7,2024-02-08,In Progress,4.2
166,94,6,2023-07-03,Completed,3.1
167,94,8,2023-04-09,In Progress,3.2
168,94,10,2023-08-10,Completed,3.9
169,95,4,2025-10-28,In Progress,3.6
170,95,8,2025-09-28,In Progress,2.8
171,96,1,2022-11-23,Completed,2.6
172,96,6,2024-11-04,Completed,3.0
173,96,7,2025-05-11,In Progress,2.5
174,97,7,2025-09-17,Completed,3.4
175,97,9,2025-12-23,In Progress,2.9
176,98,4,2025-09-03,Completed,2.9
177,99,2,2024-09-04,In Progress,2.6
178,99,3,2024-10-22,Completed,4.1
179,100,6,2025-12-08,In Progress,3.0
180,100,2,2024-01-29,Completed,3.4
181,100,10,2025-09-09,Completed,4.8
182,100,5,2024-09-29,Completed,3.7
183,101,3,2024-12-03,Completed,2.6
184,101,10,2024-11-03,Completed,4.5
185,102,9,2025-11-17,Completed,4.2
186,102,8,2025-11-10,In Progress,3.6
187,102,4,2025-11-16,In Progress,3.7
188,102,10,2025-10-06,In Progress,3.7
189,103,7,2022-09-17,Completed,4.1
190,103,6,2023-01-08,Completed,3.9
191,103,4,2025-01-31,In Progress,3.2
192,104,2,2025-11-28,Completed,4.3
193,104,7,2025-12-09,Completed,2.6
194,104,10,2025-11-17,In Progress,4.2
195,104,1,2025-11-02,In Progress,2.6
196,105,10,2024-01-30,Completed,4.4
197,107,1,2025-10-11,Completed,2.5
198,107,2,2025-07-03,Completed,4.4
199,108,3,2023-10-10,Completed,5.0
200,108,2,2023-08-22,Completed,3.6
201,109,10,2023-07-10,In Progress,2.6
202,110,7,2024-08-08,Completed,4.7
203,110,1,2023-12-01,Completed,2.9
204,110,9,2024-08-07,In Progress,3.7
205,110,4,2024-07-31,Completed,3.6
206,111,10,2022-12-31,Completed,3.8
207,111,6,2021-03-23,Completed,2.9
208,111,3,2021-12-16,In Progress,2.8
209,111,8,2022-01-06,In Progress,4.1
210,112,9,2025-12-04,Completed,2.8
211,114,3,2025-11-04,In Progress,3.5
212,114,5,2025-11-19,Completed,3.0
213,114,2,2025-12-19,Completed,2.5
214,115,2,2025-09-06,Completed,3.8
215,115,1,2025-12-16,Completed,4.1
216,115,3,2025-08-05,Completed,3.3
217,115,10,2025-12-11,In Progress,4.6
218,116,9,2025-11-20,Completed,4.3
219,116,6,2025-11-04,In Progress,4.4
220,118,3,2024-08-10,Completed,5.0
221,118,10,2024-11-30,In Progress,4.9
222,118,6,2023-06-02,Completed,3.5
223,121,8,2025-02-21,In Progress,3.5
224,121,2,2024-01-16,Completed,4.0
225,122,5,2022-10-04,In Progress,3.1
226,123,9,2024-08-04,Completed,3.7
227,123,5,2024-02-28,Completed,3.0
228,124,1,2025-12-08,In Progress,3.1
229,127,1,2024-08-28,Completed,4.7
230,127,3,2025-02-13,Completed,3.5
231,127,4,2025-03-08,In Progress,4.7
232,128,7,2025-12-26,In Progress,4.6
233,128,1,2024-11-24,Completed,4.1
234,128,10,2025-08-03,Completed,4.4
235,128,2,2024-08-02,In Progress,2.5
236,129,2,2025-07-18,In Progress,3.7
237,130,1,2025-02-08,In Progress,4.0
238,130,4,2025-03-04,Completed,3.3
239,130,6,2025-03-02,Completed,3.7
240,131,7,2023-08-31,Completed,3.3
241,132,6,2025-08-10,Completed,4.4
242,132,5,2025-01-03,In Progress,3.4
243,132,10,2023-05-08,In Progress,4.0
244,133,7,2022-10-06,In Progress,3.2
245,134,6,2025-09-19,Completed,4.2
246,134,2,2025-07-06,Completed,3.5
247,134,3,2025-01-05,In Progress,4.2
248,135,4,2022-12-10,In Progress,4.5
249,135,8,2024-03-14,In Progress,3.5
250,135,6,2025-09-15,Completed,3.3
251,135,7,2023-11-26,Completed,5.0
252,136,4,2024-09-09,In Progress,3.6
253,136,2,2024-04-10,In Progress,4.1
254,136,5,2024-10-02,In Progress,2.8
255,137,10,2025-09-13,In Progress,3.3
256,137,9,2025-06-08,In Progress,3.0
257,138,5,2025-07-19,Completed,3.0
258,138,8,2022-01-28,In Progress,2.8
259,138,1,2024-07-11,Completed,5.0
260,139,2,2025-05-03,Completed,4.2
261,140,1,2025-06-19,Completed,3.3
262,140,7,2024-11-26,In Progress,4.3
263,142,9,2025-10-30,In Progress,3.4
264,142,5,2025-11-07,Completed,2.8
265,142,1,2025-10-27,In Progress,4.7
266,144,8,2025-11-23,Completed,4.4
267,144,4,2025-11-23,Completed,3.2
268,145,5,2025-10-22,Completed,4.6
269,146,6,2023-06-22,Completed,2.8
270,146,1,2023-09-30,Completed,4.6
271,146,7,2024-07-03,Completed,4.9
272,147,9,2024-07-17,Completed,2.6
273,147,5,2024-04-03,Completed,4.0
274,149,7,2023-05-09,Completed,4.6
275,149,6,2025-05-08,Completed,3.4
276,150,3,2021-10-18,Completed,4.2
277,150,4,2023-10-18,Completed,3.3
278,150,9,2022-03-09,Completed,3.0
279,150,1,2024-10-02,Completed,3.5
280,151,6,2025-11-28,In Progress,3.3
281,151,8,2024-01-01,Completed,4.0
282,151,4,2024-05-27,Completed,3.8
283,151,5,2025-03-29,In Progress,4.4
284,152,10,2025-09-08,Completed,4.5
285,152,5,2025-04-14,In Progress,4.6
286,153,3,2024-05-20,Completed,3.8
287,153,8,2024-10-28,In Progress,3.0
288,154,3,2024-11-14,Completed,3.9
289,155,10,2025-12-31,In Progress,3.7
290,155,2,2025-09-08,In Progress,3.4
291,157,2,2024-10-09,In Progress,3.3
292,157,4,2022-04-24,Completed,3.7
293,157,8,2025-10-22,Completed,4.9
294,158,1,2025-06-10,Completed,3.8
295,158,10,2024-11-15,Completed,2.6
296,158,2,2025-05-02,Completed,2.8
297,159,9,2023-05-07,In Progress,3.8
298,159,1,2023-01-09,Completed,4.2
299,159,6,2023-01-06,Completed,4.0
300,160,6,2024-12-21,Completed,4.2
301,160,2,2025-01-14,In Progress,2.6
302,160,5,2024-10-22,Completed,2.9
303,160,10,2025-08-01,Completed,4.3
304,161,5,2025-10-20,Completed,4.0
305,161,10,2025-09-29,In Progress,4.3
306,161,7,2025-10-24,Completed,2.9
307,162,5,2021-05-19,Completed,4.4
308,164,4,2022-08-20,Completed,4.6
309,165,4,2025-08-19,Completed,3.1
310,166,8,2025-05-22,Completed,3.6
311,166,10,2024-08-12,Completed,3.9
312,166,2,2025-07-11,Completed,3.9
313,166,7,2024-06-14,Completed,4.5
314,167,2,2023-11-20,Completed,3.0
315,167,1,2022-12-24,Completed,4.3
316,167,10,2024-08-28,Completed,4.6
317,167,6,2024-06-18,In Progress,3.1
318,169,6,2021-11-05,In Progress,4.8
319,169,1,2021-09-23,In Progress,3.3
320,170,5,2023-11-26,Completed,2.8
321,171,9,2025-10-15,In Progress,3.5
322,172,10,2022-01-29,In Progress,4.6
323,172,2,2022-06-09,In Progress,3.6
324,173,7,2025-08-02,Completed,3.9
325,173,1,2023-09-06,Completed,4.1
326,173,6,2024-02-20,Completed,4.3
327,174,6,2023-11-28,Completed,3.4
328,174,4,2023-10-19,Completed,3.9
329,174,9,2023-12-14,In Progress,4.7
330,175,9,2025-12-19,Completed,4.3
331,176,3,2023-10-17,In Progress,3.3
332,176,10,2025-01-26,Completed,3.7
333,176,5,2025-07-19,Completed,3.9
334,176,4,2025-03-18,In Progress,3.5
335,177,1,2025-08-16,Completed,2.7
336,177,7,2025-01-27,Completed,3.1
337,177,3,2025-01-13,In Progress,4.1
338,179,3,2024-04-22,Completed,4.6
339,179,1,2023-12-24,In Progress,4.9
340,181,3,2025-09-20,In Progress,2.9
341,181,2,2025-11-17,Completed,3.7
342,181,6,2025-10-17,Completed,3.6
343,181,9,2025-05-25,Completed,4.8
344,182,3,2021-08-03,Completed,2.7
345,182,6,2021-12-22,Completed,4.7
346,184,7,2024-06-24,In Progress,3.4
347,184,2,2023-04-17,Completed,4.4
348,184,1,2025-05-06,Completed,4.4
349,185,6,2025-03-02,In Progress,3.3
350,185,4,2025-08-25,In Progress,5.0
351,186,7,2024-08-12,Completed,3.3
352,186,1,2025-06-16,Completed,3.3
353,186,6,2023-06-12,Completed,3.7
354,186,8,2024-04-09,Completed,3.3
355,187,2,2024-06-14,Completed,3.6
356,187,1,2024-03-12,Completed,4.0
357,188,3,2024-11-09,In Progress,4.5
358,189,3,2023-10-15,Completed,2.5
359,190,6,2023-06-04,Completed,4.9
360,190,1,2023-12-05,Completed,3.4
361,190,5,2024-01-21,Completed,3.9
362,191,7,2022-10-28,Completed,2.5
363,191,4,2021-08-08,Completed,2.8
364,191,6,2021-10-27,Completed,3.9
365,192,2,2025-08-13,In Progress,4.8
366,192,9,2025-11-10,In Progress,3.4
367,194,10,2023-01-17,Completed,4.6
368,194,5,2025-01-16,Completed,2.7
369,194,3,2025-03-11,Completed,4.0
370,194,8,2023-03-05,In Progress,2.6
371,195,7,2025-11-09,Completed,4.2
372,195,4,2025-11-26,In Progress,2.6
373,195,2,2025-11-26,Completed,4.5
374,195,6,2025-12-14,Completed,4.8
375,198,1,2025-03-18,Completed,3.3
376,198,3,2023-02-19,In Progress,4.9
377,199,2,2024-12-17,Completed,4.6
378,200,3,2024-08-12,Completed,3.3
379,200,7,2023-04-12,In Progress,4.9
380,200,2,2024-09-26,Completed,3.1
381,200,4,2024-07-19,Completed,3.6
382,201,9,2024-02-09,Completed,2.8
383,201,1,2024-01-19,Completed,3.6
384,202,9,2025-12-31,In Progress,3.7
385,204,10,2025-10-18,Completed,3.4
386,205,1,2024-10-02,In Progress,4.9
387,205,3,2025-09-12,Completed,3.5
388,205,10,2022-09-02,Completed,3.9
389,206,2,2024-12-16,Completed,3.8
390,206,8,2025-01-05,In Progress,3.2
391,207,5,2024-12-14,Completed,4.8
392,207,8,2024-10-06,Completed,2.9
393,207,6,2025-12-18,Completed,3.1
394,207,1,2025-03-13,Completed,2.8
395,209,3,2025-10-28,In Progress,3.4
396,209,5,2025-07-12,Completed,4.7
397,209,9,2025-07-13,Completed,3.9
398,209,1,2025-06-09,Completed,2.9
399,210,8,2025-03-15,In Progress,3.7
400,211,5,2024-09-15,Completed,3.0
401,211,10,2024-03-10,Completed,3.6
402,213,10,2025-02-14,In Progress,2.5
403,214,5,2022-11-03,Completed,3.8
404,214,10,2023-08-01,Completed,4.1
405,214,3,2025-10-17,In Progress,2.6
406,214,8,2023-10-15,Completed,5.0
407,215,5,2025-10-23,In Progress,3.9
408,216,9,2023-05-06,In Progress,3.9
409,216,2,2023-06-14,In Progress,2.5
410,216,3,2025-09-10,Completed,4.0
411,219,6,2025-11-28,Completed,4.5
412,219,2,2024-03-25,In Progress,4.9
413,219,9,2025-01-13,In Progress,3.6
414,220,1,2025-09-16,Completed,3.7
415,220,4,2025-01-27,In Progress,4.8
416,220,7,2024-07-22,Completed,4.7
417,221,3,2025-06-02,Completed,2.6
418,221,7,2024-10-29,Completed,3.3
419,222,10,2025-11-03,In Progress,2.8
420,222,6,2025-07-13,Completed,3.1
421,224,8,2023-12-20,Completed,3.9
422,224,4,2024-05-03,Completed,3.6
423,225,7,2025-04-26,Completed,4.6
424,225,2,2023-06-29,Completed,4.4
425,225,4,2022-12-01,Completed,2.8
426,225,5,2023-03-14,Completed,2.9
427,226,5,2023-08-13,Completed,4.8
428,226,3,2025-07-01,Completed,3.8
429,226,8,2025-06-03,Completed,3.0
430,227,9,2025-12-09,Completed,3.9
431,227,5,2024-07-05,Completed,3.3
432,227,2,2025-07-14,Completed,4.4
433,228,9,2025-07-18,In Progress,3.8
434,228,10,2025-11-08,In Progress,4.4
435,229,5,2025-05-04,In Progress,3.6
436,229,6,2025-05-30,Completed,4.3
437,229,10,2025-05-20,In Progress,3.9
438,229,1,2025-06-10,In Progress,2.5
439,230,6,2025-12-10,In Progress,4.4
440,233,10,2022-11-23,Completed,4.9
441,235,8,2024-11-09,Completed,3.7
442,235,7,2023-12-09,In Progress,4.1
443,235,1,2024-10-21,In Progress,4.1
444,235,4,2023-01-06,Completed,3.8
445,236,6,2025-12-14,Completed,4.5
446,236,3,2025-12-03,Completed,4.1
447,237,2,2024-02-18,Completed,4.0
448,237,4,2025-09-15,In Progress,3.9
449,237,3,2025-10-10,In Progress,3.4
450,238,8,2024-02-03,In Progress,2.7
451,238,1,2025-02-17,Completed,4.6
452,238,10,2024-03-07,In Progress,4.5
453,238,5,2024-07-08,In Progress,3.5
454,239,4,2024-06-16,In Progress,4.4
455,239,3,2024-03-29,Completed,2.5
456,239,10,2024-07-17,In Progress,4.5
457,239,9,2024-05-31,Completed,2.7
458,240,7,2025-11-19,Completed,4.5
459,240,3,2025-07-27,Completed,3.3
460,241,7,2025-07-30,Completed,4.9
461,241,9,2024-03-01,In Progress,2.5
462,242,3,2025-12-01,Completed,4.0
463,243,7,2025-11-03,Completed,4.5
464,243,1,2025-10-09,In Progress,4.5
465,245,6,2024-10-05,In Progress,2.7
466,245,5,2023-07-27,Completed,3.7
467,246,8,2024-05-08,In Progress,2.9
468,246,5,2024-10-23,Completed,4.1
469,246,4,2023-08-22,In Progress,3.4
470,246,1,2025-06-17,Completed,2.9
471,247,8,2025-06-06,Completed,2.7
472,247,7,2025-06-03,Completed,4.6
473,248,6,2025-12-25,In Progress,4.0
474,248,7,2024-05-21,In Progress,4.6
475,248,10,2025-08-01,In Progress,3.4
476,249,1,2024-10-21,Completed,4.0
477,250,4,2024-11-14,Completed,4.7
478,250,9,2025-11-18,In Progress,3.6
479,251,6,2025-09-14,In Progress,3.8
480,251,2,2025-09-08,In Progress,4.9
481,251,8,2025-09-15,Completed,4.1
482,252,4,2025-06-06,In Progress,3.5
483,252,10,2025-07-15,Completed,4.3
484,252,7,2025-04-20,Completed,3.5
485,254,2,2024-04-26,In Progress,3.4
486,254,6,2024-11-11,In Progress,3.7
487,254,4,2023-12-14,Completed,3.7
488,255,5,2021-06-06,Completed,4.0
489,255,4,2022-10-15,Completed,4.9
490,255,2,2021-10-29,Completed,4.5
491,255,8,2021-07-13,In Progress,3.2
492,256,6,2022-12-29,Completed,3.9
493,256,5,2023-02-22,Completed,2.8
494,257,8,2025-09-11,Completed,4.6
495,257,3,2025-04-17,Completed,3.4
496,257,10,2025-10-11,Completed,3.0
497,257,5,2025-03-16,In Progress,3.9
498,258,3,2024-05-24,Completed,3.2
499,258,5,2025-07-23,Completed,2.7
500,258,7,2024-05-03,In Progress,2.9
501,259,2,2023-12-09,Completed,4.6
502,259,5,2023-12-17,Completed,2.6
503,260,7,2025-03-20,Completed,5.0
504,260,10,2024-08-08,Completed,4.2
505,262,5,2022-04-29,Completed,3.2
506,262,4,2022-01-06,Completed,3.5
507,262,2,2024-02-26,In Progress,3.2
508,263,3,2024-05-15,Completed,3.0
509,263,1,2023-08-08,Completed,5.0
510,263,9,2023-12-12,In Progress,4.6
511,263,6,2024-10-01,Completed,4.5
512,264,9,2022-11-20,Completed,4.5
513,264,2,2023-01-11,In Progress,3.7
514,264,3,2024-03-13,Completed,3.4
515,265,5,2024-12-08,In Progress,3.5
516,266,10,2025-01-06,Completed,4.8
517,266,4,2024-01-23,In Progress,4.9
518,267,3,2024-06-26,Completed,2.7
519,267,4,2025-09-29,Completed,4.6
520,267,5,2024-12-08,Completed,3.7
521,269,6,2022-05-07,Completed,4.9
522,269,2,2025-01-10,In Progress,4.7
523,269,1,2023-03-08,Completed,4.6
524,269,10,2025-07-20,Completed,4.9
525,270,5,2024-08-02,In Progress,4.2
526,270,10,2024-04-15,Completed,3.9
527,270,6,2022-12-12,In Progress,3.4
528,270,4,2024-03-04,Completed,2.8
529,271,6,2024-05-20,In Progress,4.0
530,271,10,2023-11-06,Completed,4.1
531,271,5,2025-08-26,In Progress,3.7
532,272,7,2024-11-12,In Progress,2.7
533,273,3,2025-09-29,Completed,4.7
534,273,4,2025-10-04,Completed,3.9
535,273,5,2025-10-30,In Progress,4.0
536,274,2,2025-11-21,Completed,2.9
537,274,5,2025-11-07,In Progress,3.0
538,274,4,2025-11-30,Completed,4.8
539,275,1,2025-08-02,Completed,3.4
540,275,3,2025-06-05,Completed,3.6
541,277,6,2025-08-11,Completed,4.4
542,278,7,2025-10-13,In Progress,3.8
543,278,1,2025-07-29,In Progress,3.0
544,279,6,2025-10-10,Completed,4.3
545,279,3,2024-10-25,Completed,3.4
546,280,6,2025-09-24,In Progress,3.7
547,280,2,2025-08-08,Completed,2.9
548,281,10,2024-10-13,Completed,4.4
549,281,6,2024-02-10,Completed,4.0
550,281,8,2024-03-22,In Progress,3.0
551,281,3,2025-11-20,Completed,4.4
552,282,2,2024-02-09,In Progress,3.7
553,282,6,2023-06-14,Completed,3.9
554,282,4,2024-07-14,Completed,4.6
555,283,3,2025-03-12,In Progress,4.0
556,283,4,2024-12-24,Completed,4.7
557,284,10,2023-08-03,Completed,3.1
558,284,5,2023-01-05,In Progress,2.6
559,284,8,2023-06-12,Completed,4.7
560,285,1,2022-12-17,In Progress,2.6
561,286,3,2024-04-10,Completed,4.0
562,286,7,2023-04-06,Completed,2.6
563,287,4,2021-12-11,Completed,4.6
564,287,9,2021-11-25,Completed,3.7
565,287,7,2022-01-22,In Progress,3.5
566,289,8,2023-11-15,In Progress,3.3
567,289,4,2024-01-14,In Progress,4.8
568,289,6,2024-02-05,Completed,3.2
569,289,1,2024-03-23,Completed,4.4
570,290,8,2025-06-14,Completed,3.7
571,290,3,2024-09-27,Completed,4.3
572,291,5,2025-08-06,In Progress,3.6
573,291,9,2025-08-26,Completed,3.2
574,292,5,2025-08-07,In Progress,2.5
575,292,3,2025-08-09,Completed,4.2
576,292,1,2025-08-28,Completed,4.1
577,292,4,2025-09-10,Completed,3.6
578,293,2,2021-11-02,In Progress,4.8
579,293,1,2025-03-26,In Progress,3.3
580,294,5,2024-11-13,Completed,3.0
581,294,4,2024-01-15,Completed,3.0
582,294,8,2023-02-19,Completed,3.0
583,295,3,2021-12-18,Completed,3.2
584,295,6,2022-02-16,Completed,4.3
585,296,4,2023-08-05,Completed,2.6
586,297,7,2022-05-21,Completed,2.8
587,297,5,2022-04-12,Completed,3.5
588,297,3,2022-01-18,Completed,4.3
589,297,2,2021-09-27,In Progress,4.0
590,298,2,2025-12-02,Completed,2.9
591,298,6,2025-08-13,In Progress,2.6
592,299,6,2024-01-28,Completed,4.2
593,299,10,2023-07-24,In Progress,3.6
594,300,1,2025-09-22,Completed,2.6
595,300,6,2025-05-04,In Progress,3.1
596,302,10,2025-07-31,Completed,3.5
597,303,1,2024-11-20,Completed,4.1
598,304,10,2025-01-15,Completed,4.7
599,304,9,2024-10-15,Completed,3.5
600,304,8,2024-06-16,In Progress,2.7
601,305,6,2025-08-25,Completed,3.2
602,305,8,2025-08-20,Completed,4.0
603,305,10,2025-08-16,In Progress,4.3
604,306,6,2025-09-30,In Progress,4.1
605,306,5,2024-05-10,Completed,3.1
606,306,7,2024-08-15,Completed,3.7
607,306,2,2025-04-30,Completed,2.5
608,307,3,2025-07-19,In Progress,3.5
609,307,4,2025-12-31,In Progress,2.7
610,310,8,2025-04-20,In Progress,3.0
611,310,7,2025-11-25,Completed,4.3
612,313,1,2024-05-20,Completed,3.0
613,313,10,2025-06-28,Completed,2.8
614,314,3,2025-08-12,In Progress,4.2
615,314,8,2025-04-24,In Progress,3.8
616,314,10,2025-12-14,Completed,3.5
617,314,6,2024-01-16,Completed,4.0
618,316,2,2023-06-15,Completed,4.5
619,316,1,2023-02-26,Completed,3.1
620,316,9,2023-04-06,Completed,4.9
621,316,5,2025-10-26,Completed,3.2
622,317,8,2025-07-16,Completed,4.0
623,317,9,2025-05-27,Completed,3.3
624,317,4,2024-05-08,Completed,3.5
625,318,5,2023-11-17,Completed,3.0
626,318,4,2023-11-29,In Progress,4.0
627,319,4,2025-12-14,Completed,4.2
628,319,8,2025-10-17,Completed,3.8
629,319,5,2025-09-24,In Progress,3.2
630,320,9,2024-07-22,Completed,3.0
631,320,1,2024-12-17,Completed,3.3
632,320,4,2024-02-22,Completed,3.9
633,321,3,2024-12-29,Completed,2.7
634,321,9,2023-12-08,In Progress,3.5
635,322,5,2025-12-03,Completed,2.8
636,323,1,2025-10-24,Completed,3.7
637,323,5,2025-06-23,Completed,2.6
638,324,7,2022-03-17,In Progress,3.7
639,324,3,2022-08-14,In Progress,2.6
640,324,6,2023-10-14,In Progress,3.2
641,324,4,2023-11-24,Completed,4.8
642,325,4,2025-11-15,In Progress,4.1
643,325,10,2024-08-21,In Progress,4.9
644,326,7,2023-05-28,In Progress,3.4
645,326,5,2023-04-12,In Progress,3.8
646,329,7,2025-12-23,In Progress,2.7
647,329,5,2025-01-02,Completed,3.2
648,329,6,2025-06-07,Completed,4.1
649,329,9,2025-06-18,In Progress,2.7
650,330,2,2025-12-05,Completed,4.2
651,331,10,2025-04-22,Completed,4.5
652,331,5,2024-05-23,Completed,4.1
653,331,6,2024-04-12,Completed,3.3
654,332,3,2025-11-16,Completed,2.5
655,332,1,2025-12-25,Completed,3.1
656,333,8,2025-01-28,Completed,4.2
657,333,7,2025-01-07,Completed,4.9
658,333,1,2025-07-28,Completed,3.1
659,333,4,2025-07-25,In Progress,3.3
660,334,4,2024-05-18,In Progress,4.4
661,335,1,2025-09-06,Completed,4.3
662,336,2,2023-05-30,Completed,3.3
663,336,8,2024-02-23,In Progress,4.6
664,336,10,2024-08-10,Completed,3.8
665,337,4,2022-09-02,Completed,3.7
666,337,3,2024-06-24,Completed,3.1
667,338,9,2024-04-13,Completed,4.4
668,338,4,2025-06-25,In Progress,2.5
669,340,8,2025-08-19,In Progress,4.7
670,340,2,2025-06-16,Completed,4.3
671,340,10,2025-08-11,In Progress,2.5
672,340,6,2025-11-06,Completed,4.3
673,341,10,2025-06-30,Completed,3.9
674,341,1,2025-01-10,Completed,2.9
675,342,1,2025-06-27,In Progress,3.6
676,342,4,2025-12-08,In Progress,4.0
677,342,3,2025-11-13,Completed,2.5
678,342,8,2025-11-29,In Progress,3.8
679,343,7,2022-11-21,Completed,4.7
680,344,10,2023-11-12,Completed,4.7
681,344,2,2025-05-17,In Progress,2.6
682,344,9,2022-09-01,In Progress,3.4
683,344,7,2023-08-20,In Progress,4.5
684,345,5,2024-04-03,Completed,3.6
685,345,3,2024-10-09,Completed,3.1
686,346,6,2021-05-16,In Progress,2.7
687,346,8,2024-10-16,Completed,2.9
688,347,9,2023-03-01,Completed,4.4
689,347,3,2023-06-20,Completed,4.1
690,347,1,2024-05-01,Completed,3.7
691,347,2,2025-03-25,Completed,4.6
692,348,5,2023-02-15,In Progress,2.5
693,348,7,2024-07-29,Completed,4.6
694,349,6,2025-07-17,Completed,3.0
695,349,3,2023-02-09,Completed,4.5
696,349,2,2025-08-01,Completed,4.8
697,349,8,2025-11-06,In Progress,3.3
698,350,4,2024-09-29,Completed,3.7
699,350,8,2024-09-01,In Progress,4.4
700,350,9,2023-01-06,In Progress,3.0
701,351,4,2025-05-03,In Progress,3.6
702,351,10,2024-08-17,In Progress,2.9
703,351,5,2025-08-21,Completed,3.0
704,352,10,2024-10-21,In Progress,4.5
705,353,1,2025-08-08,In Progress,2.8
706,353,10,2024-01-31,Completed,4.2
707,353,6,2024-07-18,In Progress,4.4
708,354,9,2025-07-14,In Progress,4.4
709,354,10,2024-09-15,Completed,2.8
710,354,1,2025-06-19,Completed,3.7
711,355,7,2024-12-01,Completed,2.7
712,355,1,2023-10-05,Completed,3.7
713,356,8,2024-04-02,Completed,3.5
714,356,1,2023-09-22,Completed,3.6
715,356,2,2022-09-14,Completed,4.0
716,356,3,2022-08-05,In Progress,3.9
717,357,2,2025-03-06,Completed,3.0
718,358,5,2025-07-28,Completed,2.5
719,358,10,2024-09-02,In Progress,4.6
720,359,5,2022-04-19,Completed,2.9
721,359,4,2023-11-20,In Progress,4.6
722,359,10,2023-03-05,Completed,4.4
723,359,7,2024-12-13,Completed,5.0
724,360,5,2025-02-25,In Progress,3.6
725,360,9,2024-09-21,Completed,3.3
726,361,4,2025-02-15,Completed,4.9
727,361,9,2025-07-30,Completed,3.7
728,361,5,2022-07-19,Completed,4.8
729,362,10,2025-07-30,In Progress,3.0
730,362,5,2025-07-30,Completed,3.9
731,364,8,2025-02-28,Completed,3.3
732,364,10,2025-01-04,Completed,4.2
733,364,4,2025-08-09,In Progress,3.5
734,365,10,2023-04-04,Completed,4.0
735,365,4,2022-12-08,In Progress,3.2
736,366,2,2024-06-06,Completed,2.9
737,366,5,2025-11-22,In Progress,2.9
738,366,4,2025-05-26,In Progress,4.1
739,366,10,2025-10-20,Completed,2.9
740,367,7,2024-11-09,In Progress,2.5
741,370,4,2025-10-07,Completed,4.1
742,370,10,2025-10-18,Completed,2.8
743,370,5,2025-11-26,Completed,4.5
744,372,9,2024-08-02,In Progress,3.4
745,372,4,2025-12-19,In Progress,4.1
746,373,1,2025-05-09,In Progress,2.6
747,373,9,2025-05-27,Completed,3.0
748,373,2,2025-12-23,Completed,4.3
749,373,4,2025-05-28,In Progress,2.7
750,374,10,2025-11-09,In Progress,2.8
751,374,8,2025-08-17,Completed,2.8
752,374,2,2025-11-14,Completed,2.5
753,374,7,2025-10-15,Completed,3.5
754,375,6,2022-04-08,Completed,2.6
755,375,3,2023-06-02,In Progress,4.7
756,375,9,2022-01-24,In Progress,3.8
757,375,8,2025-06-04,Completed,3.5
758,376,7,2022-06-29,In Progress,3.1
759,376,9,2022-06-30,Completed,3.2
760,376,4,2023-08-27,In Progress,4.1
761,378,1,2025-09-13,Completed,4.6
762,379,4,2021-10-27,Completed,3.6
763,379,9,2022-01-20,In Progress,4.8
764,379,1,2022-05-09,In Progress,3.9
765,380,9,2025-10-12,In Progress,4.6
766,381,8,2025-05-13,Completed,4.3
767,381,5,2025-05-02,Completed,2.6
768,381,3,2024-01-25,Completed,3.5
769,382,7,2025-06-12,Completed,3.9
770,383,1,2022-11-07,In Progress,2.7
771,383,8,2025-05-29,Completed,4.9
772,383,9,2025-09-17,In Progress,4.9
773,383,2,2023-01-05,Completed,4.2
774,384,5,2025-11-13,Completed,3.8
775,385,6,2022-02-17,In Progress,4.4
776,385,3,2022-01-09,In Progress,3.9
777,385,2,2022-04-29,Completed,4.5
778,386,8,2024-06-01,In Progress,2.9
779,386,5,2024-07-31,Completed,4.9
780,386,7,2024-08-25,In Progress,4.9
781,387,2,2024-11-07,Completed,4.3
782,387,9,2022-10-01,Completed,2.6
783,387,1,2022-03-13,Completed,3.3
784,388,7,2021-03-16,Completed,4.7
785,388,4,2023-07-30,In Progress,3.0
786,388,10,2025-04-04,Completed,2.7
787,389,9,2023-09-08,Completed,3.0
788,389,2,2024-01-08,Completed,4.0
789,390,1,2023-01-25,Completed,4.2
790,390,2,2022-09-13,Completed,4.3
791,390,3,2023-05-11,Completed,4.1
792,391,9,2025-09-05,Completed,4.0
793,392,10,2023-11-18,In Progress,3.4
794,392,2,2024-12-19,In Progress,3.8
795,392,6,2023-01-17,In Progress,3.9
796,392,8,2023-08-05,In Progress,4.0
797,393,9,2025-09-22,Completed,3.4
798,393,6,2025-09-24,Completed,2.5
799,395,2,2024-04-03,Completed,5.0
800,395,1,2022-11-18,In Progress,3.4
801,396,7,2024-10-07,Completed,2.8
802,396,1,2024-05-27,Completed,4.9
803,397,5,2025-10-03,Completed,4.0
804,397,7,2025-07-03,Completed,4.5
805,398,9,2022-10-04,In Progress,4.7
806,398,8,2021-06-18,Completed,3.8
807,398,7,2021-12-23,Completed,3.4
808,399,10,2023-03-27,Completed,3.1
809,399,5,2025-06-21,In Progress,3.2
810,400,1,2025-10-09,Completed,3.8
811,400,10,2025-04-17,Completed,4.8
812,400,9,2024-09-27,Completed,2.8
813,401,8,2024-12-07,Completed,3.6
814,401,4,2025-02-07,Completed,4.4
815,401,5,2025-05-18,Completed,3.0
816,401,9,2024-10-19,In Progress,2.7
817,402,6,2024-09-28,Completed,4.4
818,402,10,2024-01-30,Completed,3.6
819,402,3,2024-01-03,In Progress,3.6
820,402,5,2024-11-27,In Progress,4.8
821,403,1,2024-03-26,In Progress,5.0
822,403,8,2024-02-01,Completed,4.2
823,404,3,2023-04-27,Completed,4.0
824,404,2,2025-09-01,Completed,3.5
825,404,7,2025-09-12,In Progress,4.9
826,405,6,2021-05-13,In Progress,3.2
827,405,4,2022-05-01,In Progress,3.0
828,405,2,2022-07-28,Completed,3.2
829,406,3,2025-08-22,Completed,3.0
830,407,4,2025-08-02,In Progress,3.5
831,407,3,2025-05-31,Completed,3.5
832,407,9,2025-01-30,In Progress,3.7
833,407,1,2025-12-23,Completed,3.3
834,408,5,2025-12-02,Completed,3.1
835,409,2,2025-07-29,Completed,4.4
836,409,6,2024-01-31,Completed,3.3
837,410,3,2022-09-27,Completed,4.0
838,410,6,2022-12-15,Completed,3.0
839,411,6,2024-04-06,Completed,3.6
840,411,8,2022-09-29,In Progress,3.9
841,412,9,2025-08-10,Completed,5.0
842,412,10,2025-06-06,Completed,3.2
843,412,2,2025-08-11,Completed,2.5
844,413,9,2025-02-26,Completed,4.0
845,413,10,2025-02-08,In Progress,4.8
846,413,5,2025-04-23,In Progress,4.2
847,413,6,2024-12-12,In Progress,4.9
848,414,3,2024-11-19,Completed,3.6
849,414,8,2025-04-06,Completed,4.6
850,417,9,2023-07-12,Completed,4.0
851,417,10,2023-10-22,Completed,2.6
852,417,7,2025-10-15,Completed,3.4
853,417,6,2025-12-18,Completed,4.0
854,419,4,2024-01-14,Completed,2.7
855,419,5,2023-09-29,In Progress,3.8
856,420,3,2023-05-16,In Progress,3.5
857,420,4,2024-01-21,In Progress,3.9
858,420,1,2023-06-03,Completed,3.3
859,420,10,2025-10-07,Completed,3.8
860,425,1,2023-08-17,Completed,4.7
861,425,5,2025-06-24,Completed,4.4
862,425,9,2025-04-26,In Progress,2.6
863,426,3,2024-07-02,Completed,3.8
864,426,4,2025-10-22,Completed,4.8
865,426,7,2024-06-28,Completed,4.6
866,427,10,2022-02-12,Completed,3.1
867,427,9,2024-08-11,In Progress,4.5
868,428,5,2025-06-18,Completed,3.0
869,428,7,2025-02-18,In Progress,3.0
870,428,10,2024-08-02,Completed,3.0
871,429,1,2025-07-25,Completed,3.4
872,429,4,2025-07-09,Completed,4.8
873,429,2,2025-07-30,In Progress,3.5
874,429,7,2025-10-13,Completed,3.7
875,431,2,2023-08-19,In Progress,3.6
876,431,7,2024-01-01,Completed,3.3
877,433,1,2023-04-05,Completed,4.7
878,433,9,2023-07-20,Completed,4.2
879,434,9,2025-11-25,Completed,3.2
880,434,6,2025-09-09,In Progress,2.7
881,435,2,2025-05-23,Completed,3.6
882,435,9,2025-08-01,In Progress,3.0
883,436,9,2025-09-09,Completed,3.1
884,436,4,2025-11-15,In Progress,4.1
885,436,3,2025-11-08,Completed,4.1
886,437,9,2025-12-30,In Progress,4.4
887,437,2,2025-11-25,In Progress,5.0
888,437,5,2025-09-27,Completed,4.8
889,438,10,2025-09-24,In Progress,4.1
890,438,4,2025-08-28,Completed,4.9
891,438,6,2025-08-22,Completed,2.8
892,438,2,2025-12-08,In Progress,4.5
893,440,8,2023-08-18,Completed,5.0
894,440,10,2024-05-30,In Progress,4.7
895,440,6,2024-11-26,In Progress,4.2
896,440,7,2025-12-18,Completed,3.7
897,441,6,2022-07-05,Completed,4.4
898,441,8,2024-09-20,In Progress,2.6
899,441,5,2024-09-10,Completed,4.1
900,441,10,2025-06-22,Completed,4.3
901,443,10,2025-06-30,In Progress,3.9
902,445,7,2022-11-19,Completed,4.5
903,445,10,2022-05-25,Completed,3.3
904,445,9,2022-10-31,In Progress,3.2
905,445,6,2023-01-16,Completed,4.6
906,446,3,2025-05-12,Completed,3.1
907,446,2,2024-11-14,In Progress,4.9
908,447,5,2023-08-17,Completed,4.6
909,447,4,2023-03-14,Completed,4.5
910,447,10,2025-09-05,In Progress,4.9
911,447,9,2023-02-20,Completed,4.3
912,449,1,2024-07-02,In Progress,4.5
913,450,5,2024-09-09,In Progress,2.6
914,450,4,2025-08-28,Completed,2.6
915,450,6,2023-07-08,Completed,2.9
916,451,7,2025-09-26,Completed,4.4
917,451,10,2023-11-29,Completed,4.0
918,452,6,2022-03-28,Completed,4.0
919,452,9,2021-08-22,Completed,3.0
920,452,2,2021-08-09,In Progress,2.5
921,454,10,2025-12-06,Completed,3.9
922,454,6,2025-11-29,Completed,3.5
923,454,3,2025-11-30,Completed,2.9
924,454,9,2025-11-23,Completed,4.8
925,455,4,2023-10-09,Completed,2.7
926,456,6,2023-08-13,Completed,4.9
927,456,1,2023-06-14,Completed,3.8
928,456,10,2023-01-21,In Progress,3.5
929,456,7,2024-05-24,In Progress,4.7
930,457,7,2025-05-18,Completed,3.4
931,457,6,2024-11-22,In Progress,3.0
932,457,4,2024-11-07,Completed,3.4
933,457,10,2024-12-24,Completed,2.6
934,458,6,2021-09-21,Completed,4.0
935,459,1,2025-12-29,Completed,2.6
936,459,5,2024-08-17,In Progress,2.6
937,461,7,2025-08-07,In Progress,3.2
938,461,8,2025-06-16,In Progress,3.6
939,462,1,2025-06-09,In Progress,3.7
940,462,9,2024-12-10,In Progress,3.9
941,463,9,2024-11-18,Completed,2.8
942,464,6,2025-07-18,In Progress,3.6
943,464,10,2024-12-18,In Progress,4.3
944,464,8,2024-12-17,Completed,2.6
945,464,9,2023-09-02,Completed,4.4
946,465,3,2025-04-18,Completed,3.6
947,465,9,2023-11-24,Completed,3.5
948,466,3,2024-10-29,Completed,3.7
949,466,10,2023-01-15,Completed,3.9
950,466,5,2022-11-12,Completed,4.0
951,467,7,2025-07-03,In Progress,2.8
952,468,1,2025-12-06,In Progress,2.7
953,469,6,2025-10-16,Completed,3.3
954,471,8,2024-05-01,Completed,4.9
955,471,3,2021-12-13,In Progress,3.1
956,471,4,2024-06-08,In Progress,3.4
957,471,5,2022-12-20,Completed,3.7
958,473,2,2022-09-17,In Progress,2.9
959,473,8,2023-02-05,Completed,4.4
960,474,1,2023-01-11,Completed,4.4
961,474,3,2022-09-15,Completed,4.4
962,476,8,2023-04-23,Completed,3.2
963,476,4,2021-02-07,Completed,4.1
964,476,7,2025-07-26,Completed,4.9
965,479,7,2023-11-06,In Progress,3.6
966,480,9,2024-04-04,In Progress,4.5
967,480,7,2024-06-26,Completed,3.2
968,480,10,2024-11-09,Completed,3.2
969,480,8,2024-12-04,Completed,3.9
970,482,2,2022-10-31,In Progress,4.5
971,482,8,2025-11-03,Completed,3.2
972,482,1,2025-10-29,Completed,3.6
973,482,7,2022-09-08,In Progress,4.9
974,483,4,2024-09-11,In Progress,3.7
975,483,1,2025-06-30,Completed,3.4
976,484,4,2025-07-30,Completed,4.4
977,484,3,2025-11-09,Completed,4.5
978,485,4,2024-08-25,Completed,4.3
979,486,1,2025-11-08,In Progress,3.5
980,486,8,2025-12-29,Completed,3.3
981,487,8,2024-04-06,Completed,4.6
982,488,8,2022-09-17,Completed,3.4
983,489,7,2022-10-06,Completed,3.4
984,490,8,2023-09-13,Completed,4.8
985,490,4,2023-07-13,In Progress,4.1
986,490,3,2025-08-30,Completed,3.8
987,491,4,2025-06-19,In Progress,4.8
988,491,7,2024-04-10,Completed,2.6
989,491,1,2023-01-19,Completed,4.0
990,492,1,2023-02-07,Completed,3.8
991,492,4,2024-04-27,In Progress,4.8
992,493,10,2025-05-05,Completed,4.7
993,493,2,2022-11-27,Completed,3.4
994,493,3,2022-02-01,Completed,3.2
995,495,5,2025-10-19,Completed,4.2
996,495,7,2025-04-04,In Progress,3.6
997,495,8,2025-01-18,In Progress,3.9
998,495,1,2025-01-23,Completed,4.0
999,497,6,2024-07-06,Completed,3.9
1000,497,2,2025-02-16,Completed,2.8
1001,497,1,2025-12-24,Completed,2.8
1002,498,5,2025-12-12,Completed,4.8
1003,498,4,2024-02-18,In Progress,3.3
1004,498,3,2023-09-19,Completed,3.4
1005,498,10,2023-02-28,Completed,4.2
1006,499,9,2022-06-13,In Progress,4.6
1007,499,6,2021-12-08,Completed,2.6
1008,499,5,2021-12-07,In Progress,4.5
1009,499,1,2021-11-14,In Progress,3.1
1010,500,3,2025-01-02,In Progress,4.3
1011,500,7,2022-01-21,Completed,3.3
1012,500,4,2022-10-29,Completed,4.5
1013,500,2,2025-10-02,Completed,2.6
1014,501,7,2025-08-08,Completed,4.7
1015,501,4,2025-05-14,Completed,4.7
1016,501,8,2025-02-09,In Progress,4.3
1017,501,3,2025-04-25,Completed,4.0
1018,502,9,2025-07-12,Completed,2.6
1019,502,7,2025-09-19,Completed,4.1
1020,503,6,2025-09-21,Completed,4.1
1021,503,10,2025-10-18,Completed,3.1
1022,503,8,2025-10-17,In Progress,2.7
1023,503,7,2025-11-21,In Progress,4.1
1024,504,5,2021-10-22,In Progress,3.6
1025,505,5,2025-05-26,Completed,3.9
1026,506,7,2025-12-03,Completed,2.7
1027,506,1,2025-06-24,In Progress,3.8
1028,507,2,2025-11-05,In Progress,2.8
1029,507,4,2025-10-22,Completed,4.2
1030,507,9,2025-11-08,Completed,4.9
1031,507,5,2025-08-14,In Progress,4.1
1032,508,8,2024-03-29,Completed,3.9
1033,509,8,2025-08-23,In Progress,4.6
1034,512,4,2024-01-25,Completed,3.3
1035,512,10,2025-05-09,In Progress,3.0
1036,512,8,2025-09-24,Completed,3.0
1037,513,4,2025-12-19,In Progress,3.3
1038,513,7,2025-07-20,Completed,3.0
1039,515,5,2025-11-19,In Progress,4.8
1040,518,8,2025-04-14,In Progress,3.7
1041,518,1,2025-11-01,Completed,3.3
1042,519,10,2024-11-13,Completed,3.1
1043,519,7,2024-12-23,Completed,4.6
1044,520,5,2024-04-13,Completed,3.1
1045,520,6,2022-12-10,In Progress,3.8
1046,520,2,2022-07-01,In Progress,2.9
1047,522,1,2024-02-17,Completed,4.9
1048,522,9,2024-03-14,In Progress,3.9
1049,525,5,2023-05-31,Completed,4.5
1050,525,10,2024-04-10,Completed,3.7
1051,525,3,2021-11-27,Completed,4.6
1052,525,2,2024-10-08,Completed,4.5
1053,526,4,2025-10-19,In Progress,4.3
1054,528,8,2025-07-02,In Progress,4.8
1055,528,2,2025-06-03,Completed,4.9
1056,530,4,2023-10-06,Completed,4.2
1057,530,1,2024-01-18,Completed,3.9
1058,530,7,2024-04-19,Completed,3.5
1059,530,6,2025-11-17,Completed,2.5
1060,531,10,2022-01-20,In Progress,2.9
1061,531,6,2021-12-03,Completed,2.8
1062,531,8,2021-12-22,Completed,2.6
1063,531,1,2021-12-19,Completed,3.4
1064,532,10,2023-12-17,In Progress,4.9
1065,532,5,2023-12-28,Completed,3.5
1066,533,7,2024-11-26,Completed,3.5
1067,533,4,2024-07-07,Completed,4.7
1068,534,8,2022-03-29,In Progress,3.1
1069,534,7,2023-07-08,Completed,4.9
1070,536,2,2025-07-06,Completed,2.8
1071,536,9,2025-04-21,Completed,3.5
1072,536,5,2025-04-26,Completed,4.7
1073,537,7,2021-11-04,Completed,4.8
1074,537,1,2023-12-02,Completed,2.9
1075,538,3,2024-01-10,Completed,4.6
1076,539,8,2025-03-22,Completed,3.6
1077,539,10,2024-06-27,Completed,4.4
1078,540,4,2023-06-03,In Progress,3.6
1079,540,10,2023-02-19,In Progress,3.3
1080,540,2,2024-10-23,Completed,4.0
1081,541,2,2024-08-23,In Progress,4.7
1082,541,6,2024-06-09,Completed,3.4
1083,541,1,2024-09-20,Completed,3.5
1084,542,2,2025-09-05,In Progress,3.0
1085,542,10,2025-12-22,In Progress,3.7
1086,543,2,2023-09-18,In Progress,4.7
1087,543,3,2023-09-08,Completed,4.0
1088,543,9,2023-09-01,In Progress,2.9
1089,543,6,2023-08-21,Completed,3.1
1090,545,1,2024-01-23,In Progress,4.2
1091,546,1,2025-07-11,Completed,4.4
1092,546,2,2025-07-02,In Progress,3.9
1093,546,8,2024-01-11,Completed,4.3
1094,546,6,2024-05-14,Completed,4.5
1095,547,9,2025-12-26,Completed,3.3
1096,548,8,2025-08-21,Completed,3.9
1097,548,7,2024-12-03,Completed,4.6
1098,548,3,2024-06-30,Completed,3.8
1099,549,2,2024-09-20,Completed,4.4
1100,550,9,2023-02-01,In Progress,4.6
1101,550,3,2022-10-19,Completed,4.8
1102,552,1,2025-08-01,Completed,3.7
1103,552,4,2025-10-19,Completed,2.6
1104,554,8,2025-03-29,Completed,3.2
1105,554,4,2024-11-17,In Progress,3.0
1106,554,2,2023-07-25,Completed,4.5
1107,554,10,2025-12-26,Completed,4.2
1108,556,4,2024-07-12,Completed,3.0
1109,556,3,2025-06-09,In Progress,3.6
1110,556,7,2024-08-21,Completed,3.9
1111,557,8,2024-04-28,Completed,4.9
1112,557,5,2024-12-28,Completed,2.5
1113,557,10,2024-07-05,Completed,5.0
1114,557,1,2025-11-05,Completed,2.5
1115,559,10,2023-12-10,In Progress,3.8
1116,559,7,2023-08-10,Completed,2.7
1117,560,1,2023-08-28,Completed,4.3
1118,560,5,2024-09-04,In Progress,3.8
1119,560,3,2024-06-24,In Progress,2.9
1120,560,7,2023-08-10,Completed,3.0
1121,562,5,2024-07-27,In Progress,3.4
1122,562,9,2024-09-22,In Progress,4.4
1123,562,4,2024-10-19,In Progress,2.8
1124,562,2,2024-03-21,Completed,3.8
1125,563,10,2024-10-28,Completed,3.5
1126,563,1,2023-10-18,Completed,3.2
1127,566,10,2025-08-13,Completed,3.6
1128,566,6,2022-03-02,Completed,4.0
1129,566,9,2025-04-21,Completed,2.6
1130,566,5,2022-03-28,Completed,2.7
1131,567,2,2025-11-16,In Progress,4.6
1132,567,8,2025-09-09,Completed,4.4
1133,567,4,2025-07-10,Completed,4.8
1134,567,7,2025-07-25,Completed,4.0
1135,568,4,2025-03-10,Completed,3.8
1136,568,10,2025-07-30,Completed,4.3
1137,568,7,2024-01-13,Completed,3.3
1138,569,3,2025-12-25,In Progress,2.8
1139,569,1,2024-02-09,In Progress,4.3
1140,569,2,2023-09-16,Completed,3.9
1141,570,9,2024-07-04,Completed,3.7
1142,570,3,2025-03-16,In Progress,3.0
1143,570,2,2024-12-12,Completed,3.2
1144,571,10,2024-06-09,Completed,3.0
1145,572,8,2024-03-30,Completed,4.8
1146,572,5,2023-06-04,In Progress,3.3
1147,572,10,2024-04-18,Completed,4.5
1148,574,7,2024-10-14,Completed,3.6
1149,575,1,2025-10-05,Completed,3.5
1150,576,2,2022-07-27,Completed,4.5
1151,576,5,2024-02-18,Completed,4.2
1152,576,4,2023-08-22,Completed,4.9
1153,577,1,2022-08-26,Completed,2.5
1154,578,4,2023-03-28,Completed,3.9
1155,578,3,2023-04-22,In Progress,4.6
1156,578,8,2023-02-06,Completed,2.7
1157,578,5,2023-06-26,In Progress,4.0
1158,579,4,2025-11-17,In Progress,4.0
1159,580,9,2024-12-03,In Progress,3.3
1160,583,1,2023-02-23,Completed,2.8
1161,583,3,2022-08-10,Completed,3.7
1162,583,7,2023-07-16,Completed,4.0
1163,585,3,2024-08-20,Completed,4.4
1164,587,4,2025-11-09,In Progress,3.4
1165,589,1,2025-11-04,Completed,4.9
1166,590,2,2022-09-30,Completed,2.9
1167,590,10,2022-05-31,In Progress,4.1
1168,591,6,2025-05-05,In Progress,4.8
1169,591,9,2025-06-24,Completed,4.4
1170,591,10,2025-04-27,In Progress,3.1
1171,591,8,2025-07-14,Completed,3.7
1172,592,2,2025-09-16,In Progress,4.1
1173,592,7,2025-07-21,In Progress,3.7
1174,592,6,2025-09-06,In Progress,3.3
1175,596,5,2024-10-17,Completed,4.1
1176,596,8,2023-03-19,In Progress,3.0
1177,596,6,2024-09-28,In Progress,2.7
1178,598,3,2025-07-03,Completed,2.6
1179,599,9,2023-07-27,Completed,2.7
1180,599,2,2025-04-03,In Progress,3.6
1181,600,8,2025-05-30,In Progress,4.2
1182,600,5,2024-09-20,Completed,4.6
1183,601,4,2025-09-29,Completed,4.6
1184,602,10,2025-07-01,In Progress,5.0
1185,602,7,2025-07-29,In Progress,4.4
1186,602,8,2025-04-30,Completed,4.0
1187,602,2,2025-09-18,Completed,3.4
1188,603,6,2023-10-31,In Progress,2.6
1189,603,3,2023-12-27,Completed,4.4
1190,603,5,2022-12-13,Completed,3.7
1191,603,1,2022-10-20,Completed,4.1
1192,604,6,2023-12-25,Completed,3.8
1193,604,9,2025-02-24,In Progress,3.8
1194,605,4,2021-09-05,In Progress,3.9
1195,605,6,2022-02-03,Completed,4.9
1196,605,2,2021-10-13,Completed,3.5
1197,606,5,2025-03-01,Completed,3.8
1198,606,7,2025-05-04,Completed,3.0
1199,606,3,2025-02-14,Completed,3.3
1200,608,7,2023-01-20,In Progress,4.4
1201,608,10,2024-06-04,In Progress,3.9
1202,608,2,2023-01-02,In Progress,4.5
1203,609,7,2022-07-09,Completed,3.6
1204,610,6,2025-10-17,Completed,3.3
1205,611,8,2025-11-13,Completed,4.7
1206,611,1,2025-10-10,Completed,2.5
1207,611,4,2025-11-04,Completed,3.7
1208,612,7,2024-07-29,Completed,4.9
1209,612,5,2025-08-21,Completed,3.5
1210,612,3,2025-05-13,In Progress,4.6
1211,613,5,2024-12-16,Completed,3.6
1212,613,1,2025-10-26,In Progress,3.6
1213,614,7,2023-01-28,Completed,3.0
1214,614,2,2023-02-21,In Progress,3.5
1215,614,1,2024-05-18,Completed,2.7
1216,614,8,2025-05-18,Completed,3.2
1217,615,1,2025-03-23,In Progress,3.1
1218,615,7,2023-01-19,Completed,2.6
1219,616,8,2024-05-24,Completed,4.7
1220,616,7,2024-05-07,Completed,4.6
1221,616,10,2024-06-21,Completed,3.1
1222,616,3,2024-04-28,Completed,4.3
1223,617,5,2023-12-08,Completed,3.6
1224,617,6,2023-03-22,Completed,3.1
1225,617,4,2023-05-21,Completed,3.1
1226,618,2,2025-03-05,Completed,4.6
1227,618,6,2025-04-05,Completed,3.6
1228,618,5,2025-05-22,In Progress,3.2
1229,618,10,2025-04-24,Completed,4.1
1230,621,10,2025-06-03,Completed,2.8
1231,622,9,2025-11-30,Completed,4.5
1232,622,3,2025-11-27,Completed,3.9
1233,622,6,2025-12-22,Completed,4.1
1234,622,10,2025-11-17,Completed,3.5
1235,623,8,2023-03-22,In Progress,4.9
1236,623,6,2023-11-30,In Progress,3.0
1237,623,9,2022-09-13,In Progress,4.8
1238,624,3,2025-12-08,Completed,2.9
1239,624,4,2023-10-03,Completed,3.8
1240,625,6,2025-02-21,Completed,4.1
1241,625,3,2024-08-13,Completed,4.7
1242,625,2,2025-12-01,Completed,3.6
1243,625,5,2025-02-04,Completed,3.7
1244,627,7,2025-09-02,Completed,3.4
1245,627,8,2025-06-14,In Progress,4.9
1246,628,3,2021-11-05,Completed,2.9
1247,629,6,2024-04-30,Completed,4.0
1248,631,10,2024-04-29,In Progress,2.7
1249,631,2,2024-12-15,Completed,4.3
1250,631,7,2025-04-21,Completed,3.1
1251,633,5,2024-06-16,Completed,2.9
1252,635,6,2023-07-17,In Progress,4.0
1253,635,3,2024-03-27,Completed,3.3
1254,635,7,2023-07-11,In Progress,4.3
1255,635,8,2024-01-11,Completed,2.7
1256,636,3,2025-10-26,In Progress,3.6
1257,636,10,2025-10-01,Completed,4.5
1258,636,5,2025-09-26,Completed,4.1
1259,636,2,2025-10-26,In Progress,2.8
1260,638,1,2023-10-15,In Progress,4.6
1261,638,9,2024-05-07,In Progress,4.9
1262,638,6,2023-11-11,Completed,2.9
1263,639,8,2025-04-28,In Progress,3.4
1264,640,3,2024-05-10,Completed,2.6
1265,640,5,2024-10-04,In Progress,3.4
1266,640,6,2023-09-04,Completed,3.5
1267,640,2,2024-09-02,Completed,3.8
1268,642,4,2025-06-14,Completed,4.8
1269,642,2,2025-08-19,In Progress,4.7
1270,642,5,2025-06-04,Completed,5.0
1271,642,1,2025-08-18,Completed,2.8
1272,643,8,2025-08-31,Completed,3.4
1273,644,4,2022-04-30,Completed,4.7
1274,644,2,2022-07-05,Completed,2.6
1275,644,5,2022-07-04,Completed,3.7
1276,644,8,2024-07-28,In Progress,4.8
1277,645,8,2022-02-09,Completed,3.7
1278,645,7,2024-05-21,Completed,3.5
1279,645,3,2024-07-14,Completed,2.8
1280,646,1,2025-09-10,Completed,3.2
1281,647,5,2025-06-22,In Progress,3.8
1282,647,3,2025-08-22,Completed,2.6
1283,647,2,2025-08-09,Completed,4.0
1284,647,7,2025-05-26,Completed,5.0
1285,649,5,2025-09-04,In Progress,3.9
1286,649,10,2024-12-28,Completed,4.2
1287,650,8,2024-06-14,Completed,2.5
1288,650,5,2024-07-24,In Progress,4.1
1289,650,10,2024-07-30,In Progress,4.5
1290,650,6,2025-11-16,In Progress,2.8
1291,652,3,2024-12-11,Completed,4.7
1292,653,2,2025-10-19,In Progress,3.6
1293,653,9,2024-10-06,Completed,3.4
1294,653,6,2024-02-29,In Progress,4.9
1295,653,3,2023-12-26,Completed,3.6
1296,654,1,2022-04-01,In Progress,3.3
1297,654,10,2022-09-25,In Progress,4.1
1298,656,9,2024-11-07,Completed,4.3
1299,656,7,2025-07-20,Completed,3.3
1300,657,4,2023-01-17,Completed,4.2
1301,657,9,2025-07-21,Completed,3.4
1302,658,5,2025-03-03,In Progress,3.4
1303,659,5,2022-03-15,Completed,3.3
1304,659,6,2025-03-24,Completed,4.8
1305,659,10,2024-07-05,Completed,3.6
1306,661,6,2025-08-10,Completed,4.7
1307,661,4,2025-06-24,Completed,3.2
1308,662,3,2025-12-24,Completed,4.6
1309,662,8,2025-01-31,In Progress,3.2
1310,663,4,2024-11-24,Completed,2.5
1311,663,2,2025-01-26,Completed,4.8
1312,663,5,2025-03-01,Completed,3.8
1313,664,3,2025-05-13,Completed,4.6
1314,664,5,2025-06-13,Completed,3.8
1315,664,9,2025-12-09,Completed,3.4
1316,665,5,2025-09-03,In Progress,4.2
1317,665,1,2025-07-12,Completed,2.5
1318,665,10,2025-10-03,Completed,3.7
1319,665,3,2025-11-04,In Progress,4.3
1320,666,3,2025-11-24,Completed,4.4
1321,666,1,2025-12-14,Completed,4.9
1322,666,7,2024-11-10,In Progress,3.5
1323,666,2,2025-03-06,Completed,5.0
1324,667,3,2023-10-29,Completed,4.1
1325,667,4,2025-12-16,In Progress,2.6
1326,668,3,2023-03-30,Completed,3.6
1327,669,4,2025-11-15,Completed,4.9
1328,669,8,2024-09-27,Completed,4.5
1329,669,3,2024-03-12,In Progress,3.8
1330,670,1,2023-04-04,In Progress,4.1
1331,670,9,2025-04-01,Completed,5.0
1332,670,10,2023-04-19,Completed,4.5
1333,671,5,2025-12-18,Completed,3.4
1334,671,9,2025-12-28,In Progress,3.7
1335,671,7,2025-12-17,Completed,2.8
1336,671,8,2025-12-11,Completed,4.3
1337,673,1,2025-10-22,Completed,3.7
1338,673,7,2025-09-17,Completed,2.8
1339,673,2,2025-08-11,Completed,2.5
1340,673,10,2025-06-24,Completed,4.3
1341,674,3,2023-05-25,In Progress,4.9
1342,674,2,2022-04-29,In Progress,3.6
1343,674,1,2023-01-16,Completed,2.7
1344,675,9,2023-04-27,Completed,3.5
1345,675,7,2025-07-17,Completed,4.6
1346,676,5,2024-09-11,In Progress,2.8
1347,676,7,2025-08-20,Completed,4.3
1348,676,1,2024-09-07,In Progress,4.3
1349,676,9,2024-03-03,In Progress,3.2
1350,677,4,2024-08-11,Completed,5.0
1351,677,8,2023-06-18,Completed,4.1
1352,678,8,2023-02-02,In Progress,3.9
1353,678,5,2024-06-26,Completed,4.8
1354,679,9,2024-10-13,Completed,3.4
1355,679,6,2024-06-01,In Progress,4.3
1356,679,1,2025-06-18,Completed,3.9
1357,679,2,2024-10-08,In Progress,4.8
1358,682,10,2025-06-15,Completed,3.4
1359,682,7,2025-03-29,Completed,2.7
1360,682,4,2023-11-23,In Progress,4.6
1361,682,1,2024-05-05,Completed,4.1
1362,683,2,2023-10-20,In Progress,4.2
1363,684,4,2025-10-27,Completed,4.2
1364,684,2,2025-10-12,Completed,3.2
1365,686,1,2025-09-26,In Progress,4.0
1366,686,3,2024-03-20,In Progress,2.6
1367,687,6,2024-02-14,In Progress,4.3
1368,687,7,2024-12-25,Completed,3.6
1369,688,5,2025-02-13,Completed,3.1
1370,688,3,2024-08-10,Completed,3.3
1371,688,9,2025-04-07,Completed,3.2
1372,688,2,2024-07-29,In Progress,2.7
1373,689,6,2022-04-27,Completed,4.9
1374,690,1,2023-05-06,In Progress,3.2
1375,690,5,2023-12-05,Completed,3.7
1376,691,10,2022-09-16,Completed,4.6
1377,691,5,2024-01-04,Completed,3.6
1378,692,3,2022-01-07,Completed,3.1
1379,696,1,2023-03-29,Completed,2.6
1380,696,6,2022-08-11,In Progress,2.9
1381,697,7,2024-01-17,In Progress,3.9
1382,697,4,2022-03-26,In Progress,3.5
1383,698,7,2024-10-04,Completed,4.6
1384,698,1,2025-10-01,Completed,4.0
1385,701,3,2024-12-25,Completed,3.7
1386,702,1,2024-05-11,Completed,3.9
1387,702,3,2025-08-11,Completed,3.5
1388,702,7,2025-02-18,Completed,4.5
1389,703,2,2024-08-09,Completed,4.9
1390,703,9,2024-03-13,In Progress,4.0
1391,703,5,2024-09-25,In Progress,4.1
1392,703,8,2023-07-12,Completed,3.1
1393,704,5,2025-07-08,Completed,4.5
1394,704,3,2025-08-07,Completed,4.0
1395,705,3,2025-07-18,In Progress,2.9
1396,706,8,2025-10-20,Completed,4.2
1397,709,5,2024-04-17,Completed,2.7
1398,709,3,2024-03-06,In Progress,3.1
1399,709,1,2025-05-03,Completed,2.9
1400,709,9,2024-06-21,Completed,2.6
1401,710,6,2025-10-13,In Progress,4.4
1402,711,6,2025-11-10,Completed,3.2
1403,712,8,2024-03-04,Completed,2.5
1404,712,1,2024-07-14,In Progress,4.4
1405,712,7,2024-02-11,Completed,3.7
1406,713,3,2022-07-26,In Progress,3.4
1407,713,9,2023-08-16,Completed,4.3
1408,714,1,2024-05-23,Completed,4.0
1409,714,7,2023-04-21,In Progress,4.9
1410,714,2,2023-03-04,Completed,3.1
1411,714,10,2021-11-06,Completed,3.9
1412,717,1,2023-09-06,Completed,4.8
1413,719,1,2023-01-16,Completed,4.6
1414,719,8,2025-09-22,Completed,2.5
1415,719,3,2022-12-16,Completed,2.6
1416,720,1,2025-12-16,Completed,3.5
1417,721,3,2025-04-13,Completed,3.5
1418,721,2,2024-12-25,Completed,3.4
1419,721,5,2025-01-27,Completed,3.2
1420,722,6,2025-06-23,Completed,3.8
1421,722,9,2024-06-18,Completed,2.9
1422,722,7,2025-04-06,Completed,4.7
1423,724,6,2025-10-23,Completed,4.2
1424,725,2,2025-04-15,In Progress,4.7
1425,725,5,2025-08-11,Completed,3.4
1426,725,9,2025-04-19,In Progress,4.2
1427,725,8,2025-12-20,Completed,3.7
1428,726,4,2025-01-24,In Progress,3.4
1429,726,3,2025-08-19,In Progress,4.0
1430,726,2,2024-11-07,In Progress,3.6
1431,728,5,2025-10-17,Completed,4.5
1432,729,2,2024-10-10,Completed,3.0
1433,729,10,2024-08-14,In Progress,3.8
1434,729,4,2024-09-08,Completed,2.6
1435,730,10,2022-06-05,Completed,4.5
1436,731,7,2025-12-09,Completed,4.8
1437,731,3,2025-03-31,In Progress,3.4
1438,731,2,2024-06-29,In Progress,4.6
1439,731,8,2025-10-06,Completed,2.9
1440,732,5,2023-05-27,In Progress,4.2
1441,732,3,2023-06-28,In Progress,4.3
1442,733,1,2024-01-07,In Progress,4.3
1443,733,4,2023-11-18,In Progress,3.7
1444,734,1,2024-02-01,Completed,3.3
1445,735,1,2025-04-02,In Progress,4.2
1446,735,7,2023-09-29,In Progress,4.7
1447,736,1,2025-06-20,In Progress,3.3
1448,736,8,2024-04-23,Completed,2.8
1449,736,6,2024-12-20,In Progress,3.7
1450,737,5,2025-09-26,In Progress,4.2
1451,737,9,2022-11-05,Completed,4.8
1452,737,6,2025-04-16,In Progress,3.7
1453,737,7,2025-09-23,Completed,3.6
1454,738,3,2024-04-09,Completed,3.1
1455,738,9,2024-07-27,Completed,4.6
1456,738,6,2024-09-26,Completed,3.6
1457,738,2,2023-07-25,In Progress,2.9
1458,739,1,2023-06-09,Completed,4.1
1459,739,4,2022-08-07,In Progress,3.8
1460,739,3,2023-03-01,Completed,3.4
1461,740,3,2025-09-12,Completed,2.7
1462,741,8,2023-08-26,In Progress,4.4
1463,741,10,2022-05-16,Completed,5.0
1464,742,3,2023-02-10,Completed,4.1
1465,742,8,2023-07-24,Completed,3.3
1466,742,4,2024-05-11,Completed,3.8
1467,744,3,2022-06-27,Completed,4.3
1468,744,8,2024-05-17,Completed,5.0
1469,746,7,2024-11-14,In Progress,4.6
1470,746,10,2025-09-04,In Progress,2.7
1471,746,6,2024-12-12,Completed,3.0
1472,746,1,2025-06-10,Completed,4.1
1473,747,6,2025-12-02,Completed,4.1
1474,747,5,2025-08-14,Completed,4.5
1475,747,2,2025-02-16,Completed,3.8
1476,748,6,2025-12-08,In Progress,2.7
1477,749,10,2025-03-15,In Progress,3.0
1478,749,8,2025-07-09,Completed,3.0
1479,749,9,2025-04-27,Completed,4.0
1480,750,4,2025-01-10,Completed,4.1
1481,753,10,2025-03-19,In Progress,2.9
1482,753,4,2025-06-27,In Progress,3.7
1483,754,8,2025-04-17,In Progress,3.3
1484,754,7,2025-08-28,In Progress,4.0
1485,754,1,2025-06-13,Completed,3.9
1486,754,3,2024-07-06,In Progress,3.5
1487,755,1,2025-06-16,Completed,3.3
1488,755,8,2025-11-02,In Progress,3.9
1489,755,4,2022-03-17,Completed,4.4
1490,755,3,2023-07-29,In Progress,4.4
1491,756,9,2025-04-23,In Progress,3.0
1492,757,10,2023-10-13,In Progress,2.8
1493,757,8,2022-07-12,In Progress,4.5
1494,757,2,2024-01-03,Completed,3.2
1495,757,9,2023-06-25,In Progress,4.6
1496,758,9,2022-10-23,Completed,2.6
1497,758,2,2024-06-22,Completed,3.5
1498,759,7,2025-05-13,Completed,3.6
1499,759,5,2025-07-24,Completed,2.9
1500,759,6,2025-04-18,In Progress,3.0
1501,759,2,2025-09-20,Completed,4.5
1502,760,5,2025-11-26,Completed,3.3
1503,760,4,2025-11-15,Completed,2.6
1504,760,9,2025-12-26,In Progress,2.8
1505,761,2,2025-12-19,Completed,3.7
1506,761,4,2025-07-09,In Progress,4.9
1507,762,8,2023-02-13,Completed,2.5
1508,763,1,2024-11-10,Completed,2.5
1509,763,8,2025-03-10,In Progress,3.7
1510,766,3,2024-07-10,In Progress,3.4
1511,767,7,2024-04-25,In Progress,4.8
1512,769,7,2025-11-09,Completed,2.6
1513,769,10,2025-09-14,Completed,3.1
1514,769,4,2025-12-16,Completed,3.3
1515,771,3,2025-09-17,Completed,3.7
1516,771,10,2025-11-09,In Progress,3.7
1517,771,2,2025-10-12,Completed,4.6
1518,771,8,2025-05-09,In Progress,4.7
1519,772,10,2025-01-31,In Progress,4.6
1520,772,7,2024-06-21,In Progress,4.9
1521,772,3,2024-03-18,In Progress,4.5
1522,772,9,2025-02-04,In Progress,3.6
1523,773,1,2024-12-01,Completed,4.2
1524,773,9,2025-07-03,Completed,2.8
1525,773,6,2025-05-14,In Progress,3.8
1526,773,7,2025-06-17,Completed,3.0
1527,774,1,2022-11-17,Completed,3.1
1528,774,4,2023-06-03,In Progress,4.5
1529,774,2,2023-04-28,Completed,3.1
1530,774,3,2022-12-01,Completed,3.0
1531,775,2,2025-05-20,Completed,2.9
1532,776,1,2022-09-16,In Progress,3.6
1533,776,4,2023-07-03,Completed,4.2
1534,777,6,2024-10-20,Completed,4.1
1535,778,10,2023-08-07,In Progress,4.3
1536,778,6,2025-03-30,Completed,3.4
1537,778,9,2022-03-20,Completed,5.0
1538,778,3,2024-09-26,In Progress,3.5
1539,779,7,2024-04-05,Completed,3.2
1540,779,6,2025-07-07,Completed,4.7
1541,779,5,2025-07-26,In Progress,4.2
1542,779,1,2025-01-05,Completed,3.1
1543,780,9,2025-11-02,Completed,3.0
1544,780,6,2025-08-22,In Progress,2.7
1545,780,3,2025-08-20,In Progress,3.8
1546,781,1,2025-05-04,In Progress,3.1
1547,781,2,2025-07-15,In Progress,4.8
1548,781,9,2025-07-25,Completed,2.8
1549,781,7,2025-10-10,In Progress,3.1
1550,782,3,2024-08-28,Completed,5.0
1551,782,7,2025-01-21,In Progress,4.6
1552,782,9,2024-12-19,Completed,4.0
1553,782,4,2025-01-13,In Progress,3.9
1554,783,10,2025-04-29,In Progress,3.0
1555,784,7,2025-03-25,In Progress,3.3
1556,784,8,2025-04-16,Completed,3.1
1557,784,2,2024-12-02,Completed,3.8
1558,784,4,2025-03-31,Completed,4.7
1559,785,4,2025-10-29,Completed,3.3
1560,786,8,2022-10-18,Completed,4.1
1561,786,1,2023-01-25,Completed,3.3
1562,786,4,2023-05-16,In Progress,4.7
1563,787,8,2025-07-02,Completed,3.3
1564,788,4,2025-11-24,Completed,4.6
1565,789,8,2024-09-26,Completed,3.7
1566,789,2,2025-03-14,Completed,4.4
1567,789,6,2025-06-15,Completed,2.8
1568,791,1,2022-06-30,In Progress,3.8
1569,792,5,2025-08-18,Completed,3.3
1570,792,8,2025-04-16,Completed,2.6
1571,792,3,2025-01-22,Completed,3.7
1572,792,1,2024-11-02,Completed,4.1
1573,793,4,2025-08-05,Completed,2.8
1574,793,3,2025-06-18,Completed,3.3
1575,794,3,2025-03-20,Completed,4.0
1576,795,5,2022-06-27,In Progress,3.2
1577,795,7,2021-05-26,Completed,4.9
1578,795,9,2021-09-19,Completed,4.2
1579,795,2,2022-02-12,Completed,3.7
1580,796,2,2024-12-22,Completed,4.5
1581,797,3,2025-03-12,In Progress,3.6
1582,799,3,2025-10-12,In Progress,4.1
1583,799,4,2025-12-02,In Progress,2.8
1584,800,2,2025-05-14,In Progress,2.5
1585,800,1,2024-02-08,Completed,4.5
1586,801,6,2023-09-23,Completed,4.1
1587,803,6,2021-09-10,Completed,4.6
1588,804,3,2025-09-06,Completed,3.2
1589,804,1,2025-09-05,In Progress,3.5
1590,804,7,2023-09-07,In Progress,3.9
1591,805,10,2025-10-24,Completed,3.2
1592,805,4,2023-03-29,In Progress,3.9
1593,805,2,2021-12-26,In Progress,2.6
1594,807,9,2025-06-15,In Progress,4.5
1595,807,2,2025-01-17,Completed,4.9
1596,808,2,2025-09-04,In Progress,2.8
1597,808,6,2025-08-21,In Progress,3.2
1598,809,7,2025-05-22,In Progress,4.9
1599,810,9,2024-12-21,In Progress,4.4
1600,810,3,2024-12-05,Completed,4.9
1601,811,7,2025-12-17,In Progress,2.6
1602,811,1,2025-12-24,Completed,3.3
1603,812,7,2022-05-03,Completed,4.3
1604,812,10,2021-11-14,In Progress,3.0
1605,814,10,2021-04-04,In Progress,3.8
1606,815,7,2023-10-23,Completed,3.8
1607,815,4,2022-08-03,Completed,4.3
1608,815,2,2024-12-08,Completed,2.9
1609,816,9,2025-11-28,Completed,3.3
1610,816,4,2025-11-23,Completed,3.0
1611,816,2,2025-12-20,Completed,2.5
1612,818,8,2024-12-26,In Progress,3.6
1613,818,7,2025-06-04,Completed,4.5
1614,818,1,2025-03-20,Completed,2.6
1615,820,9,2025-11-20,Completed,3.2
1616,820,6,2024-08-18,In Progress,3.1
1617,820,7,2023-08-19,In Progress,2.6
1618,821,7,2024-05-15,Completed,2.7
1619,821,6,2024-03-25,In Progress,4.2
1620,821,9,2025-01-28,Completed,4.8
1621,822,4,2024-10-04,Completed,2.8
1622,822,1,2024-01-22,Completed,4.3
1623,822,2,2023-11-04,Completed,3.8
1624,824,5,2024-03-04,Completed,4.3
1625,824,7,2022-07-29,Completed,4.4
1626,825,2,2025-10-15,Completed,2.8
1627,825,4,2022-11-12,Completed,4.1
1628,826,2,2024-12-15,Completed,2.9
1629,826,10,2024-09-03,Completed,4.8
1630,828,9,2025-11-18,In Progress,3.6
1631,829,5,2025-05-26,Completed,4.2
1632,829,8,2025-05-11,Completed,4.8
1633,830,8,2024-12-14,In Progress,3.7
1634,831,1,2025-12-09,In Progress,3.1
1635,831,10,2025-11-21,Completed,3.8
1636,831,9,2025-11-15,Completed,4.1
1637,833,4,2023-03-02,Completed,2.5
1638,833,1,2023-08-20,Completed,4.6
1639,835,5,2024-01-24,In Progress,3.3
1640,835,4,2024-12-10,Completed,3.6
1641,835,7,2023-10-20,Completed,4.6
1642,835,10,2023-07-02,Completed,2.5
1643,836,6,2023-06-16,Completed,3.9
1644,836,8,2024-07-19,In Progress,4.8
1645,836,4,2023-04-26,Completed,4.0
1646,837,6,2025-09-02,Completed,2.6
1647,837,9,2024-11-03,Completed,4.2
1648,837,10,2024-10-02,Completed,4.9
1649,838,3,2024-09-02,Completed,3.4
1650,838,4,2025-06-29,Completed,4.1
1651,839,3,2024-05-03,Completed,2.8
1652,839,1,2025-05-10,In Progress,3.8
1653,839,10,2023-08-09,Completed,3.4
1654,840,7,2024-10-28,Completed,4.8
1655,840,8,2025-03-01,Completed,2.9
1656,842,10,2025-11-18,Completed,4.9
1657,842,5,2025-11-14,In Progress,4.1
1658,842,4,2025-08-14,Completed,3.3
1659,842,3,2023-10-24,Completed,3.6
1660,843,5,2025-04-07,Completed,4.3
1661,843,2,2025-01-07,Completed,3.1
1662,843,7,2023-10-06,Completed,4.4
1663,843,8,2025-10-25,Completed,4.6
1664,844,7,2024-06-10,In Progress,4.6
1665,844,2,2024-10-22,In Progress,4.0
1666,844,9,2024-04-04,Completed,4.9
1667,844,10,2024-10-02,Completed,2.8
1668,845,2,2024-12-07,Completed,2.9
1669,845,10,2023-04-08,Completed,4.4
1670,845,9,2023-05-10,Completed,4.2
1671,845,7,2024-03-27,Completed,3.8
1672,846,7,2024-02-20,Completed,4.4
1673,846,2,2024-06-03,Completed,3.2
1674,846,1,2024-07-15,Completed,4.5
1675,846,10,2024-06-08,Completed,4.3
1676,847,8,2021-09-22,Completed,2.7
1677,847,5,2021-09-13,Completed,2.9
1678,848,5,2023-12-11,Completed,3.4
1679,849,10,2023-08-10,Completed,4.4
1680,849,6,2025-09-03,Completed,3.9
1681,849,1,2023-11-19,In Progress,2.9
1682,849,3,2024-11-26,In Progress,3.6
1683,850,2,2023-04-08,Completed,3.4
1684,850,10,2025-03-12,Completed,3.5
1685,851,9,2024-11-02,Completed,3.5
1686,851,8,2024-12-07,Completed,3.5
1687,852,9,2024-08-06,Completed,4.5
1688,852,2,2024-07-08,Completed,3.0
1689,852,7,2024-08-16,In Progress,2.7
1690,853,2,2022-08-24,Completed,2.8
1691,853,7,2025-01-17,In Progress,4.9
1692,853,8,2022-03-30,Completed,3.5
1693,853,3,2024-06-23,In Progress,4.0
1694,854,7,2025-06-13,Completed,4.1
1695,854,10,2025-05-22,Completed,2.9
1696,854,9,2025-08-04,Completed,4.6
1697,854,2,2025-11-10,Completed,3.7
1698,855,1,2025-12-20,Completed,4.4
1699,856,5,2022-05-01,In Progress,3.9
1700,857,8,2024-07-05,In Progress,4.1
1701,857,3,2024-06-14,Completed,3.3
1702,858,3,2022-12-02,Completed,3.8
1703,859,7,2024-02-21,Completed,4.7
1704,859,4,2022-05-18,In Progress,3.0
1705,859,6,2025-05-21,In Progress,3.2
1706,859,2,2024-12-01,In Progress,4.9
1707,861,1,2025-10-13,Completed,3.1
1708,861,10,2025-09-12,Completed,4.7
1709,861,4,2025-11-24,Completed,3.1
1710,862,9,2025-05-11,In Progress,4.4
1711,862,10,2025-08-02,Completed,3.5
1712,864,4,2022-07-24,In Progress,3.0
1713,864,5,2022-05-17,In Progress,2.9
1714,864,10,2022-03-20,Completed,4.1
1715,865,2,2023-04-18,In Progress,4.9
1716,865,4,2023-06-03,Completed,4.2
1717,865,1,2023-09-06,Completed,4.3
1718,866,8,2024-12-31,In Progress,3.7
1719,866,7,2023-06-27,Completed,3.4
1720,866,5,2024-06-14,In Progress,4.6
1721,868,6,2024-06-15,In Progress,4.1
1722,869,3,2023-11-13,In Progress,4.6
1723,869,5,2023-08-13,Completed,2.7
1724,869,8,2025-09-25,In Progress,3.8
1725,870,2,2025-11-26,Completed,4.4
1726,870,1,2025-11-24,Completed,4.6
1727,870,3,2025-10-22,Completed,4.3
1728,871,7,2025-10-10,Completed,2.5
1729,871,8,2025-12-10,Completed,3.1
1730,871,6,2025-11-10,In Progress,3.0
1731,871,10,2025-12-09,Completed,2.6
1732,872,10,2024-07-16,Completed,4.2
1733,872,3,2024-05-08,Completed,2.8
1734,872,5,2025-10-08,In Progress,2.7
1735,873,10,2024-09-05,Completed,4.2
1736,874,8,2022-11-25,Completed,3.7
1737,874,2,2022-07-17,Completed,3.1
1738,874,9,2022-07-15,Completed,3.6
1739,874,3,2022-09-23,Completed,4.6
1740,876,8,2024-09-23,In Progress,2.5
1741,876,7,2024-07-07,Completed,3.9
1742,876,3,2024-03-03,Completed,4.6
1743,876,9,2024-09-04,Completed,4.9
1744,877,6,2022-02-11,Completed,3.1
1745,877,2,2022-02-14,In Progress,4.6
1746,877,5,2021-12-13,Completed,3.0
1747,877,3,2022-02-03,Completed,4.4
1748,879,8,2025-11-02,Completed,4.7
1749,879,3,2025-06-26,Completed,2.6
1750,879,10,2025-07-21,Completed,3.9
1751,879,6,2025-06-25,In Progress,3.9
1752,880,9,2023-10-19,Completed,3.1
1753,880,4,2023-09-15,Completed,2.5
1754,880,7,2025-05-30,Completed,4.7
1755,882,4,2024-12-20,In Progress,3.2
1756,882,2,2021-01-25,In Progress,4.4
1757,882,6,2024-09-21,In Progress,3.8
1758,883,9,2023-12-22,Completed,4.1
1759,883,6,2024-11-17,Completed,4.1
1760,883,4,2025-11-07,Completed,4.1
1761,883,2,2024-03-10,Completed,3.5
1762,884,6,2024-04-28,Completed,4.8
1763,884,1,2025-05-25,Completed,3.5
1764,884,2,2024-06-11,In Progress,3.5
1765,884,5,2024-11-27,Completed,2.8
1766,885,6,2025-03-09,Completed,4.5
1767,885,10,2024-12-16,Completed,4.4
1768,885,3,2025-12-04,In Progress,2.9
1769,885,9,2025-09-01,Completed,3.1
1770,886,10,2023-04-17,Completed,2.6
1771,886,8,2023-08-20,In Progress,2.7
1772,886,4,2023-01-04,In Progress,3.9
1773,886,3,2024-04-12,In Progress,2.6
1774,887,4,2025-04-06,Completed,4.2
1775,887,8,2025-08-12,Completed,4.9
1776,887,6,2025-09-22,In Progress,4.2
1777,888,8,2025-10-18,Completed,3.0
1778,888,5,2025-12-27,In Progress,5.0
1779,889,5,2025-08-09,In Progress,3.3
1780,889,8,2025-11-30,In Progress,3.3
1781,889,1,2025-08-21,Completed,2.9
1782,890,8,2021-10-22,In Progress,4.7
1783,890,4,2023-11-11,In Progress,5.0
1784,890,3,2023-03-21,Completed,2.9
1785,891,8,2024-04-25,Completed,4.8
1786,892,10,2025-09-23,Completed,4.1
1787,892,4,2024-12-07,Completed,2.6
1788,892,5,2025-06-01,Completed,4.1
1789,892,3,2025-05-22,Completed,3.3
1790,893,8,2025-06-20,In Progress,4.8
1791,893,3,2023-12-15,In Progress,4.0
1792,893,4,2024-09-27,Completed,4.2
1793,894,3,2025-03-16,Completed,3.2
1794,894,6,2025-05-14,Completed,4.7
1795,894,9,2024-12-25,In Progress,3.2
1796,894,8,2025-03-07,In Progress,3.4
1797,895,8,2023-01-10,Completed,3.3
1798,895,10,2025-09-12,Completed,4.5
1799,898,10,2024-05-24,Completed,4.4
1800,900,10,2022-09-12,In Progress,4.6
1801,901,10,2025-04-25,Completed,3.7
1802,902,1,2024-07-26,In Progress,4.8
1803,902,2,2025-09-26,Completed,4.1
1804,902,3,2024-10-31,Completed,4.7
1805,902,6,2025-05-23,Completed,4.7
1806,903,5,2024-01-23,In Progress,4.4
1807,903,10,2024-09-24,In Progress,3.4
1808,904,8,2024-03-28,In Progress,4.2
1809,904,6,2024-02-22,Completed,3.5
1810,904,4,2024-05-01,Completed,3.5
1811,905,4,2025-10-24,Completed,3.9
1812,906,9,2022-10-25,Completed,4.0
1813,906,6,2022-08-19,Completed,3.6
1814,908,5,2025-09-01,In Progress,3.4
1815,908,6,2024-05-22,In Progress,2.7
1816,909,1,2024-08-01,Completed,4.7
1817,910,5,2024-04-20,Completed,5.0
1818,911,10,2024-02-22,Completed,3.4
1819,916,7,2025-02-04,Completed,3.9
1820,916,2,2025-02-12,Completed,4.2
1821,918,1,2025-05-23,In Progress,2.6
1822,920,1,2024-07-22,In Progress,3.0
1823,920,8,2024-07-19,Completed,4.0
1824,920,9,2024-10-31,Completed,4.5
1825,922,10,2023-04-06,Completed,4.8
1826,922,2,2023-03-04,Completed,4.9
1827,922,9,2023-05-09,In Progress,3.6
1828,923,4,2024-11-05,Completed,2.8
1829,924,9,2024-08-23,Completed,4.2
1830,924,6,2024-12-23,Completed,4.3
1831,924,2,2025-05-02,Completed,4.8
1832,925,2,2024-09-15,Completed,4.2
1833,925,5,2023-07-16,In Progress,2.5
1834,926,6,2022-09-10,In Progress,2.7
1835,926,1,2023-07-12,Completed,3.0
1836,926,5,2024-04-15,In Progress,4.6
1837,926,4,2022-07-06,In Progress,4.2
1838,927,8,2024-03-16,Completed,3.1
1839,927,5,2025-05-18,Completed,3.1
1840,928,7,2024-12-03,Completed,2.5
1841,928,5,2024-12-28,Completed,2.8
1842,928,3,2024-07-18,Completed,4.8
1843,928,4,2023-06-07,In Progress,4.0
1844,931,4,2022-09-26,Completed,4.2
1845,931,9,2023-12-19,Completed,3.6
1846,931,6,2023-08-25,Completed,4.1
1847,932,5,2023-01-07,In Progress,2.6
1848,932,6,2025-12-03,Completed,3.7
1849,932,1,2023-12-10,Completed,3.6
1850,933,6,2025-12-08,Completed,4.3
1851,933,3,2025-02-07,In Progress,4.5
1852,933,8,2025-03-05,Completed,4.6
1853,934,10,2025-06-15,In Progress,4.3
1854,934,1,2025-11-19,In Progress,2.6
1855,936,7,2025-12-08,In Progress,4.5
1856,936,8,2025-09-23,Completed,2.9
1857,937,9,2024-12-01,Completed,4.9
1858,937,3,2025-02-09,Completed,3.7
1859,937,1,2024-01-03,In Progress,3.7
1860,938,6,2025-12-22,Completed,2.5
1861,938,8,2025-11-09,In Progress,4.4
1862,938,7,2025-05-18,Completed,2.8
1863,939,9,2025-12-20,Completed,5.0
1864,939,1,2025-12-07,Completed,4.1
1865,939,5,2025-12-15,Completed,3.4
1866,942,4,2025-08-09,Completed,4.9
1867,942,9,2025-10-21,In Progress,4.9
1868,943,4,2025-03-03,Completed,3.3
1869,943,3,2025-08-11,In Progress,3.4
1870,944,3,2024-06-16,Completed,3.3
1871,944,8,2024-04-07,Completed,4.4
1872,944,9,2024-08-26,In Progress,4.4
1873,944,7,2023-10-12,Completed,4.8
1874,945,2,2024-12-21,Completed,3.6
1875,945,8,2025-04-29,Completed,4.2
1876,945,1,2025-03-22,In Progress,3.7
1877,945,5,2024-03-27,In Progress,3.9
1878,946,2,2022-07-04,Completed,2.8
1879,946,9,2023-06-02,In Progress,2.6
1880,946,3,2022-10-08,Completed,3.6
1881,946,5,2022-05-23,Completed,3.5
1882,947,6,2023-11-29,Completed,3.6
1883,948,7,2024-06-28,Completed,3.0
1884,949,1,2025-03-30,Completed,2.6
1885,949,4,2024-12-07,In Progress,4.4
1886,950,10,2023-12-10,In Progress,4.0
1887,950,9,2024-10-10,Completed,4.3
1888,950,2,2025-04-16,Completed,4.8
1889,951,7,2025-03-10,In Progress,3.3
1890,951,5,2025-04-16,Completed,2.7
1891,952,1,2022-08-27,In Progress,3.4
1892,953,8,2023-05-13,Completed,3.2
1893,954,1,2025-11-13,Completed,3.1
1894,954,8,2024-10-27,In Progress,4.5
1895,954,10,2024-12-06,In Progress,4.0
1896,955,1,2025-12-06,Completed,2.7
1897,955,4,2023-10-19,Completed,2.6
1898,955,7,2025-12-30,In Progress,4.6
1899,955,3,2025-05-25,Completed,3.7
1900,956,6,2025-07-12,In Progress,4.0
1901,956,4,2025-12-23,In Progress,4.8
1902,956,8,2025-02-05,Completed,3.3
1903,956,3,2025-09-12,Completed,4.2
1904,957,7,2023-11-25,Completed,3.7
1905,957,6,2024-03-28,Completed,3.5
1906,959,7,2025-07-28,Completed,4.3
1907,959,2,2025-05-31,In Progress,3.0
1908,959,8,2025-07-18,Completed,3.6
1909,959,6,2024-08-06,Completed,3.2
1910,961,5,2023-07-18,Completed,3.5
1911,961,4,2024-05-02,Completed,4.2
1912,962,5,2024-08-18,In Progress,3.0
1913,962,1,2024-12-21,Completed,3.4
1914,962,9,2025-07-15,Completed,5.0
1915,962,3,2023-05-29,In Progress,3.0
1916,963,10,2023-04-12,In Progress,4.8
1917,963,3,2023-03-29,Completed,4.8
1918,964,4,2025-10-17,In Progress,3.5
1919,965,1,2024-05-08,Completed,3.0
1920,965,9,2024-06-28,Completed,4.5
1921,965,6,2025-06-07,Completed,3.6
1922,966,8,2023-07-18,In Progress,3.0
1923,966,1,2024-01-07,Completed,4.9
1924,966,10,2023-07-24,Completed,4.8
1925,967,6,2025-05-19,Completed,3.7
1926,967,10,2025-07-13,In Progress,2.6
1927,967,5,2025-01-04,Completed,4.0
1928,968,2,2024-02-10,Completed,2.7
1929,968,4,2024-08-08,Completed,3.2
1930,968,8,2023-08-01,Completed,3.3
1931,969,1,2025-02-15,Completed,4.9
1932,969,2,2025-01-22,Completed,2.8
1933,970,3,2024-07-10,Completed,4.8
1934,970,7,2025-10-16,Completed,4.3
1935,970,1,2024-04-18,Completed,2.6
1936,970,2,2024-11-28,Completed,4.7
1937,972,4,2023-03-27,Completed,3.2
1938,973,2,2023-04-03,Completed,3.5
1939,973,7,2025-09-15,Completed,4.2
1940,974,10,2024-04-14,In Progress,4.0
1941,974,6,2025-02-12,Completed,2.5
1942,974,8,2023-11-27,Completed,3.4
1943,974,5,2025-12-26,Completed,3.4
1944,975,8,2024-03-08,Completed,3.5
1945,975,7,2024-01-29,Completed,2.9
1946,975,9,2024-10-18,Completed,3.8
1947,976,6,2025-09-29,In Progress,4.4
1948,977,3,2025-10-18,In Progress,4.1
1949,977,6,2024-01-23,Completed,4.6
1950,977,4,2024-06-14,Completed,4.3
1951,978,6,2025-10-23,Completed,3.7
1952,978,10,2025-10-03,In Progress,3.8
1953,979,7,2024-01-25,Completed,4.5
1954,979,2,2025-11-26,Completed,4.4
1955,979,5,2022-06-12,Completed,2.8
1956,980,3,2025-12-02,Completed,2.8
1957,981,5,2025-03-08,Completed,4.9
1958,981,1,2025-04-16,In Progress,3.5
1959,983,4,2025-08-04,In Progress,3.7
1960,983,6,2025-08-23,Completed,3.7
1961,983,5,2025-09-13,Completed,4.8
1962,983,2,2025-07-15,Completed,3.2
1963,984,9,2025-11-10,In Progress,4.5
1964,984,1,2025-04-13,In Progress,3.6
1965,984,7,2025-06-20,Completed,3.7
1966,984,8,2024-11-21,In Progress,2.7
1967,985,6,2025-03-16,Completed,3.6
1968,985,3,2023-12-27,In Progress,4.8
1969,987,2,2023-10-06,In Progress,3.7
1970,988,1,2023-04-02,Completed,3.6
1971,988,10,2023-03-11,Completed,3.5
1972,989,1,2025-06-04,In Progress,4.1
1973,989,6,2025-12-19,Completed,4.6
1974,989,3,2025-07-20,Completed,3.2
1975,989,10,2024-10-28,In Progress,5.0
1976,990,8,2023-04-14,Completed,4.9
1977,990,9,2024-05-04,In Progress,4.6
1978,991,10,2024-10-02,In Progress,2.8
1979,991,3,2024-07-11,In Progress,3.0
1980,991,7,2025-12-12,In Progress,3.8
1981,992,3,2024-12-16,Completed,3.6
1982,995,8,2023-08-30,In Progress,3.7
1983,995,3,2022-04-07,In Progress,2.9
1984,995,7,2025-12-26,Completed,3.6
1985,995,5,2025-12-02,In Progress,4.9
1986,997,2,2023-11-25,In Progress,2.7
1987,997,5,2023-02-17,Completed,4.6
1988,998,3,2024-04-17,Completed,2.7
1989,998,1,2022-04-29,Completed,3.4
1990,998,7,2025-03-05,Completed,3.0
1991,998,5,2025-07-17,Completed,3.4
1992,999,2,2025-07-21,Completed,3.5
1993,999,9,2025-04-13,Completed,3.1
1994,999,5,2025-02-13,Completed,2.6
1995,1000,5,2024-04-21,Completed,4.0
1996,1000,2,2025-08-18,In Progress,4.4
1997,1001,2,2024-05-23,Completed,3.6
1998,1001,5,2024-08-09,Completed,3.7
1999,1001,6,2024-01-13,Completed,4.1
2000,1001,7,2024-10-08,In Progress,3.5
2001,1002,4,2025-06-22,In Progress,2.9
2002,1002,3,2025-07-05,Completed,4.6
2003,1002,2,2025-07-20,Completed,3.0
2004,1003,6,2023-08-05,Completed,3.4
2005,1003,9,2025-08-03,Completed,2.9
2006,1003,8,2024-11-04,Completed,3.3
2007,1004,9,2023-10-20,Completed,3.8
2008,1005,8,2025-12-26,In Progress,4.5
2009,1005,5,2025-12-30,Completed,3.8
2010,1005,7,2025-12-26,Completed,4.9
2011,1005,6,2025-12-09,Completed,2.6
2012,1007,5,2022-11-25,Completed,2.9
2013,1007,6,2022-12-25,In Progress,3.7
2014,1009,8,2025-11-08,Completed,4.0
2015,1009,4,2025-10-10,Completed,3.3
2016,1009,7,2025-11-11,Completed,3.0
2017,1009,10,2025-11-03,Completed,4.2
2018,1010,2,2025-04-15,Completed,3.3
2019,1010,4,2024-04-15,Completed,2.6
2020,1010,10,2024-01-10,Completed,3.4
2021,1011,6,2025-01-06,In Progress,3.6
2022,1011,10,2025-01-12,Completed,3.0
2023,1011,5,2025-12-10,In Progress,4.1
2024,1012,9,2023-12-06,Completed,2.9
2025,1012,8,2023-10-10,In Progress,4.3
2026,1013,6,2024-02-01,Completed,4.5
2027,1013,2,2025-01-22,In Progress,2.9
2028,1013,1,2025-07-19,Completed,4.9
2029,1013,7,2024-01-01,Completed,3.6
2030,1014,4,2023-09-05,Completed,2.8
2031,1014,6,2022-09-19,Completed,4.5
2032,1014,9,2022-08-31,In Progress,3.5
2033,1014,2,2025-06-03,In Progress,4.1
2034,1015,1,2025-12-24,Completed,4.9
2035,1015,10,2025-10-30,In Progress,4.2
2036,1016,7,2025-01-16,Completed,4.6
2037,1017,6,2025-04-17,Completed,3.6
2038,1017,3,2024-12-06,Completed,3.7
2039,1018,6,2025-04-07,Completed,4.4
2040,1018,7,2025-11-25,Completed,4.8
2041,1018,10,2025-08-05,In Progress,2.5
2042,1020,1,2023-04-05,Completed,4.2
2043,1020,5,2025-12-26,Completed,4.5
2044,1020,2,2025-09-10,Completed,3.0
2045,1021,1,2025-06-28,Completed,2.6
2046,1021,7,2025-10-12,Completed,4.8
2047,1021,9,2025-10-22,Completed,4.6
2048,1021,4,2024-09-30,Completed,3.1
2049,1022,10,2025-09-30,Completed,2.9
2050,1022,6,2023-12-03,Completed,4.3
2051,1023,4,2025-10-23,Completed,4.0
2052,1024,1,2025-08-20,In Progress,3.7
2053,1025,1,2024-06-20,Completed,2.9
2054,1025,4,2024-02-17,Completed,3.2
2055,1025,10,2024-03-07,Completed,3.4
2056,1026,3,2025-12-23,In Progress,2.5
2057,1026,8,2025-12-29,Completed,4.4
2058,1026,10,2025-12-03,Completed,4.0
2059,1026,4,2025-12-10,Completed,2.7
2060,1027,4,2024-01-28,In Progress,3.5
2061,1028,2,2024-11-14,In Progress,4.4
2062,1028,3,2023-10-02,In Progress,2.9
2063,1029,4,2023-10-16,Completed,4.5
2064,1029,8,2021-11-22,Completed,4.7
2065,1029,2,2022-08-25,Completed,3.4
2066,1029,6,2025-06-21,Completed,4.0
2067,1034,4,2024-11-29,Completed,3.5
2068,1035,9,2025-10-16,In Progress,4.7
2069,1035,8,2025-11-08,Completed,4.0
2070,1035,4,2025-10-15,Completed,3.4
2071,1036,7,2023-11-01,Completed,3.7
2072,1036,1,2024-04-21,Completed,4.2
2073,1036,3,2025-01-17,Completed,4.9
2074,1038,8,2025-06-28,Completed,4.0
2075,1039,2,2025-02-09,Completed,4.3
2076,1039,7,2024-07-06,In Progress,2.8
2077,1039,1,2024-05-25,Completed,3.1
2078,1039,5,2024-10-02,Completed,4.8
2079,1040,7,2022-04-02,Completed,3.9
2080,1040,2,2024-06-28,In Progress,2.9
2081,1040,6,2022-11-20,In Progress,3.6
2082,1043,4,2024-05-28,Completed,3.4
2083,1044,5,2025-08-07,Completed,4.9
2084,1044,8,2025-08-07,In Progress,4.6
2085,1044,1,2025-11-10,In Progress,3.2
2086,1044,3,2025-06-22,Completed,2.5
2087,1045,1,2025-10-30,Completed,4.6
2088,1046,5,2024-07-15,In Progress,3.9
2089,1046,6,2024-04-08,Completed,4.6
2090,1047,1,2025-02-09,Completed,3.0
2091,1047,3,2024-11-06,Completed,3.2
2092,1047,6,2025-01-14,Completed,4.0
2093,1047,9,2024-09-25,In Progress,3.6
2094,1048,7,2024-05-27,Completed,2.7
2095,1048,2,2025-07-24,Completed,4.9
2096,1048,5,2025-07-01,In Progress,3.4
2097,1049,7,2025-10-30,Completed,3.2
2098,1049,10,2024-12-28,Completed,2.6
2099,1049,6,2024-10-10,Completed,3.2
2100,1049,8,2025-04-11,Completed,3.5
2101,1050,6,2022-10-17,Completed,2.8
2102,1050,8,2025-01-06,Completed,4.1
2103,1051,6,2025-11-16,Completed,2.8
2104,1052,4,2022-09-02,Completed,4.7
2105,1052,6,2024-06-03,Completed,4.8
2106,1052,3,2025-06-18,Completed,4.9
2107,1052,2,2025-08-10,Completed,4.8
2108,1053,3,2025-08-11,In Progress,3.5
2109,1053,4,2024-05-16,Completed,3.0
2110,1054,10,2025-01-01,In Progress,4.2
2111,1054,6,2025-12-24,Completed,4.7
2112,1054,2,2025-08-21,Completed,5.0
2113,1055,2,2023-08-23,Completed,3.1
2114,1056,7,2024-06-08,Completed,3.1
2115,1056,6,2024-02-28,Completed,2.6
2116,1056,3,2024-06-17,In Progress,3.4
2117,1056,8,2024-04-06,In Progress,4.3
2118,1057,10,2023-03-27,Completed,5.0
2119,1057,8,2022-11-29,Completed,3.5
2120,1058,2,2024-10-10,In Progress,3.3
2121,1058,3,2024-07-25,In Progress,2.5
2122,1061,10,2023-08-25,Completed,4.3
2123,1061,6,2023-08-06,Completed,2.6
2124,1061,2,2023-06-15,Completed,2.6
2125,1061,9,2022-12-26,In Progress,4.5
2126,1062,5,2023-08-03,In Progress,3.4
2127,1062,2,2022-05-10,Completed,3.8
2128,1062,7,2025-08-19,Completed,4.5
2129,1064,3,2024-09-10,In Progress,4.6
2130,1064,1,2023-01-28,In Progress,4.3
2131,1064,9,2023-02-26,Completed,2.7
2132,1064,2,2025-10-08,Completed,2.6
2133,1065,2,2023-05-31,Completed,4.1
2134,1065,6,2025-12-14,In Progress,3.2
2135,1066,7,2025-05-09,Completed,3.2
2136,1066,6,2025-03-15,In Progress,5.0
2137,1067,5,2023-08-23,Completed,4.4
2138,1069,10,2024-03-23,Completed,3.8
2139,1069,8,2024-01-30,Completed,4.3
2140,1069,2,2024-04-26,Completed,3.9
2141,1069,6,2023-12-29,Completed,4.7
2142,1071,6,2023-08-25,Completed,4.6
2143,1073,9,2023-06-29,Completed,5.0
2144,1074,4,2025-06-22,Completed,2.8
2145,1074,7,2025-11-02,In Progress,2.9
2146,1074,2,2025-05-13,Completed,3.2
2147,1075,1,2024-06-08,Completed,4.1
2148,1075,3,2024-03-26,Completed,4.5
2149,1076,3,2023-02-22,Completed,4.2
2150,1076,5,2022-09-22,Completed,4.9
2151,1077,3,2025-10-27,In Progress,4.1
2152,1077,2,2025-03-09,Completed,4.7
2153,1079,1,2022-11-14,In Progress,4.5
2154,1081,7,2023-08-05,Completed,4.4
2155,1082,2,2024-04-16,Completed,4.1
2156,1082,1,2023-08-30,Completed,4.9
2157,1082,5,2025-06-08,In Progress,4.8
2158,1083,7,2024-08-28,Completed,4.7
2159,1083,8,2022-06-11,In Progress,3.2
2160,1084,2,2024-12-20,Completed,3.0
2161,1084,10,2024-11-11,Completed,4.8
2162,1085,1,2025-07-22,In Progress,2.5
2163,1086,9,2022-03-05,In Progress,3.1
2164,1086,3,2025-05-29,In Progress,2.5
2165,1086,1,2023-11-16,Completed,2.9
2166,1087,6,2023-10-02,Completed,2.8
2167,1089,8,2025-08-18,In Progress,2.5
2168,1090,4,2023-06-10,Completed,3.8
2169,1091,8,2024-02-16,Completed,2.7
2170,1091,9,2024-02-25,Completed,4.7
2171,1091,4,2023-12-12,Completed,5.0
2172,1091,5,2024-07-11,In Progress,3.1
2173,1092,10,2025-09-19,Completed,4.7
2174,1092,4,2025-09-05,Completed,4.4
2175,1093,9,2024-08-06,Completed,2.7
2176,1093,7,2024-06-23,In Progress,2.9
2177,1094,5,2025-03-03,In Progress,2.5
2178,1094,1,2024-12-18,In Progress,4.4
2179,1094,4,2025-09-01,Completed,3.0
2180,1095,2,2025-11-27,Completed,3.9
2181,1095,1,2025-11-17,Completed,3.0
2182,1095,3,2025-11-29,Completed,3.3
2183,1095,8,2025-12-26,Completed,4.8
2184,1097,7,2025-04-05,Completed,3.1
2185,1097,9,2021-11-09,Completed,2.9
2186,1097,5,2024-02-25,Completed,2.7
2187,1097,1,2023-08-08,Completed,2.7
2188,1098,4,2022-10-09,Completed,4.1
2189,1098,8,2022-08-02,Completed,3.6
2190,1098,6,2025-04-26,Completed,4.0
2191,1098,5,2023-01-07,Completed,3.6
2192,1099,6,2025-05-10,In Progress,4.6
2193,1099,4,2025-10-02,Completed,4.4
2194,1100,9,2023-11-04,Completed,3.7
2195,1100,6,2023-11-05,Completed,2.6
2196,1101,8,2025-02-13,Completed,3.3
2197,1102,8,2025-06-27,Completed,4.4
2198,1103,9,2025-11-18,Completed,4.5
2199,1103,8,2025-07-24,In Progress,3.0
2200,1103,4,2025-08-18,Completed,3.3
2201,1105,5,2024-09-17,Completed,2.5
2202,1105,9,2024-01-11,In Progress,3.8
2203,1106,3,2024-06-01,Completed,3.9
2204,1106,2,2022-07-02,Completed,3.7
2205,1109,4,2025-09-23,Completed,3.6
2206,1109,8,2025-08-06,In Progress,2.6
2207,1110,4,2024-11-07,Completed,5.0
2208,1110,6,2023-03-04,Completed,3.6
2209,1110,9,2025-05-28,Completed,3.1
2210,1115,5,2024-08-05,In Progress,3.4
2211,1115,3,2024-08-11,In Progress,3.0
2212,1116,9,2025-07-23,Completed,3.2
2213,1116,8,2025-11-26,Completed,3.3
2214,1116,3,2024-08-25,Completed,3.7
2215,1118,8,2025-05-23,Completed,3.9
2216,1120,3,2025-11-30,Completed,3.1
2217,1120,7,2025-11-16,Completed,4.2
2218,1120,2,2025-12-30,Completed,2.9
2219,1120,1,2025-08-18,In Progress,3.4
2220,1121,4,2022-03-20,In Progress,2.7
2221,1121,1,2024-03-04,In Progress,2.8
2222,1121,3,2023-03-02,In Progress,4.9
2223,1121,9,2022-12-07,In Progress,4.8
2224,1122,6,2025-10-15,Completed,3.6
2225,1122,2,2025-08-18,Completed,3.7
2226,1122,4,2025-08-03,Completed,2.7
2227,1122,8,2025-09-29,Completed,3.8
2228,1123,5,2025-01-04,In Progress,2.9
2229,1123,1,2025-10-15,Completed,3.2
2230,1124,3,2024-03-10,Completed,3.4
2231,1124,7,2022-11-02,Completed,2.6
2232,1125,9,2025-10-09,Completed,5.0
2233,1126,6,2022-12-19,Completed,4.8
2234,1126,3,2022-09-16,Completed,3.5
2235,1126,2,2023-08-17,In Progress,2.7
2236,1127,8,2025-12-05,Completed,3.5
2237,1127,9,2025-09-27,Completed,4.7
2238,1127,10,2025-11-20,Completed,4.6
2239,1127,4,2025-12-20,Completed,3.5
2240,1129,3,2025-03-29,In Progress,4.2
2241,1129,10,2023-09-13,Completed,3.1
2242,1129,5,2025-04-09,In Progress,3.2
2243,1130,8,2025-11-15,Completed,3.2
2244,1130,7,2024-10-07,Completed,4.0
2245,1130,4,2024-10-20,In Progress,4.8
2246,1130,1,2024-10-18,Completed,3.8
2247,1131,7,2025-09-17,Completed,2.9
2248,1132,2,2024-12-22,Completed,3.2
2249,1132,1,2025-10-18,In Progress,3.0
2250,1132,6,2025-01-25,In Progress,2.9
2251,1132,3,2025-12-11,Completed,3.3
2252,1133,3,2023-10-30,Completed,4.2
2253,1135,8,2023-02-08,Completed,3.3
2254,1135,5,2023-12-23,Completed,2.5
2255,1135,7,2024-06-21,Completed,4.2
2256,1137,9,2025-12-12,Completed,4.9
2257,1138,1,2025-12-31,In Progress,4.8
2258,1138,5,2025-12-16,In Progress,4.0
2259,1138,6,2025-11-15,Completed,3.7
2260,1138,8,2025-11-15,Completed,4.8
2261,1139,2,2022-04-17,Completed,4.1
2262,1139,5,2021-09-11,Completed,3.8
2263,1140,3,2025-02-28,In Progress,3.0
2264,1141,5,2022-05-28,In Progress,3.7
2265,1141,10,2024-04-12,Completed,2.7
2266,1142,2,2023-12-27,In Progress,4.4
2267,1142,4,2023-09-14,In Progress,2.9
2268,1143,9,2021-08-23,Completed,2.9
2269,1143,3,2024-08-25,In Progress,4.1
2270,1143,7,2021-12-25,Completed,2.8
2271,1145,9,2025-11-18,In Progress,3.7
2272,1146,3,2024-03-26,In Progress,3.8
2273,1147,3,2023-05-30,Completed,3.4
2274,1147,7,2023-11-15,Completed,3.6
2275,1147,4,2025-08-19,In Progress,3.4
2276,1147,8,2024-11-02,Completed,4.5
2277,1148,6,2024-06-30,Completed,3.2
2278,1148,3,2025-08-07,Completed,3.8
2279,1148,5,2024-03-24,Completed,4.3
2280,1148,10,2024-10-18,Completed,2.6
2281,1149,10,2024-12-27,Completed,3.7
2282,1152,6,2023-03-02,Completed,2.8
2283,1152,1,2022-09-13,Completed,4.4
2284,1152,4,2024-03-18,Completed,2.6
2285,1152,2,2023-09-13,In Progress,3.1
2286,1153,3,2023-02-02,Completed,4.7
2287,1153,1,2025-09-01,In Progress,3.5
2288,1153,9,2023-07-13,Completed,3.1
2289,1153,6,2024-08-17,Completed,4.8
2290,1154,4,2025-11-04,Completed,3.5
2291,1157,3,2024-06-26,In Progress,4.0
2292,1158,5,2025-09-29,Completed,2.9
2293,1158,2,2025-05-22,In Progress,4.4
2294,1158,9,2023-08-22,Completed,2.9
2295,1158,6,2024-08-10,In Progress,4.3
2296,1159,7,2025-09-04,In Progress,3.3
2297,1159,8,2025-08-12,In Progress,3.2
2298,1159,5,2025-07-11,Completed,4.0
2299,1159,1,2025-09-23,Completed,3.3
2300,1161,3,2024-06-29,Completed,4.0
2301,1161,10,2025-04-23,Completed,2.5
2302,1162,5,2023-07-20,Completed,4.9
2303,1162,4,2024-02-29,In Progress,3.8
2304,1162,9,2023-11-03,Completed,3.4
2305,1162,2,2023-10-15,Completed,3.0
2306,1163,3,2024-05-23,Completed,2.9
2307,1163,9,2022-08-16,Completed,3.6
2308,1163,5,2023-05-11,In Progress,4.8
2309,1163,7,2022-10-18,Completed,4.3
2310,1165,9,2025-07-26,In Progress,4.6
2311,1166,2,2022-06-26,Completed,4.0
2312,1167,5,2024-03-30,In Progress,4.4
2313,1167,9,2025-10-18,In Progress,3.2
2314,1168,4,2023-06-13,Completed,3.6
2315,1168,2,2024-02-19,Completed,3.6
2316,1168,5,2024-04-11,Completed,2.9
2317,1169,3,2024-12-29,Completed,3.8
2318,1169,8,2023-07-25,In Progress,3.5
2319,1169,7,2022-02-19,Completed,3.3
2320,1170,8,2023-08-24,Completed,4.6
2321,1170,1,2025-04-30,Completed,3.8
2322,1171,1,2024-10-14,In Progress,4.4
2323,1171,10,2025-10-10,In Progress,2.9
2324,1171,3,2024-08-07,In Progress,4.4
2325,1171,5,2024-01-19,In Progress,2.8
2326,1172,10,2025-09-09,Completed,4.8
2327,1174,5,2024-07-01,Completed,4.4
2328,1174,2,2023-07-06,In Progress,4.0
2329,1175,8,2023-03-22,Completed,4.8
2330,1175,5,2023-01-13,Completed,3.3
2331,1176,8,2022-10-08,Completed,4.1
2332,1176,2,2023-05-26,Completed,2.5
2333,1176,10,2023-07-06,In Progress,4.2
2334,1177,3,2024-03-09,Completed,4.2
2335,1177,7,2025-09-08,Completed,4.9
2336,1177,9,2024-09-14,Completed,4.5
2337,1178,1,2025-09-12,In Progress,4.7
2338,1178,9,2025-10-07,In Progress,4.5
2339,1178,10,2025-09-20,Completed,4.4
2340,1178,8,2025-11-22,Completed,3.7
2341,1179,7,2024-06-04,Completed,3.5
2342,1179,3,2024-07-09,Completed,4.9
2343,1180,7,2023-07-10,Completed,3.0
2344,1180,4,2022-12-26,In Progress,4.2
2345,1180,1,2025-01-19,In Progress,3.3
2346,1181,5,2025-12-21,Completed,4.6
2347,1181,7,2025-12-16,In Progress,3.3
2348,1182,4,2023-01-16,Completed,3.1
2349,1182,8,2025-10-08,In Progress,3.3
2350,1182,7,2022-04-07,Completed,4.4
2351,1182,10,2024-03-24,In Progress,4.6
2352,1183,4,2025-02-07,In Progress,3.5
2353,1183,6,2024-08-25,Completed,3.1
2354,1183,10,2024-07-24,Completed,3.7
2355,1183,2,2025-02-18,Completed,2.6
2356,1184,4,2025-11-28,Completed,3.3
2357,1185,9,2025-09-05,Completed,3.4
2358,1185,1,2025-10-17,In Progress,2.7
2359,1185,3,2025-11-26,Completed,2.7
2360,1186,9,2025-04-30,Completed,4.1
2361,1186,3,2025-09-23,Completed,3.1
2362,1187,10,2023-05-28,Completed,4.8
2363,1187,4,2023-07-01,Completed,3.7
2364,1187,5,2023-06-02,In Progress,4.3
2365,1187,9,2023-06-15,Completed,3.9
2366,1188,6,2025-12-14,Completed,3.9
2367,1188,4,2025-10-22,Completed,3.0
2368,1188,10,2025-12-09,Completed,3.9
2369,1188,1,2025-12-25,Completed,4.6
2370,1191,1,2024-06-11,Completed,4.8
2371,1192,9,2024-03-15,Completed,4.6
2372,1193,9,2023-03-17,In Progress,3.5
2373,1193,7,2024-04-01,In Progress,3.6
2374,1193,10,2024-11-17,Completed,4.2
2375,1193,3,2022-09-10,Completed,3.3
2376,1194,2,2024-02-05,In Progress,4.5
2377,1194,7,2022-09-01,In Progress,4.7
2378,1194,4,2024-02-25,In Progress,3.1
2379,1194,3,2024-08-18,Completed,4.0
2380,1195,4,2023-03-10,Completed,4.1
2381,1195,7,2024-08-10,In Progress,4.6
2382,1196,6,2023-11-22,Completed,4.5
2383,1196,8,2025-01-04,In Progress,2.5
2384,1197,5,2025-11-28,In Progress,3.5
2385,1197,4,2025-12-11,Completed,4.9
2386,1198,8,2025-06-13,In Progress,2.9
2387,1199,6,2024-05-09,Completed,3.1
2388,1199,2,2025-05-01,Completed,4.5
2389,1200,4,2025-06-23,In Progress,3.8
2390,1200,1,2023-05-23,Completed,3.4
2391,1200,6,2025-11-28,In Progress,2.9
