offer_id,application_id,offer_date,offered_salary,offer_status
1,4,2021-06-15,1253550,Accepted
2,9,2024-05-17,944208,Accepted
3,10,2024-10-19,701156,Accepted
4,23,2023-10-08,1373678,Accepted
5,27,2025-10-08,881673,Declined
6,39,2025-12-06,821769,Accepted
7,41,2023-04-02,686089,Declined
8,48,2022-11-11,1778268,Declined
9,49,2021-04-14,1770677,Accepted
10,50,2024-07-28,881252,Accepted
11,51,2021-04-11,1053234,Accepted
12,53,2023-07-21,914710,Accepted
13,56,2025-09-06,1662241,Declined
14,61,2024-07-15,1255584,Accepted
15,62,2022-02-22,1249505,Accepted
16,75,2022-02-15,1263474,Declined
17,77,2022-07-05,1224231,Accepted
18,79,2023-10-02,1775522,Accepted
19,83,2025-02-05,582116,Accepted
20,84,2022-01-26,1099229,Accepted
21,86,2024-06-07,1281487,Declined
22,87,2022-08-08,977478,Accepted
23,88,2021-04-14,1186163,Accepted
24,90,2022-03-23,1169518,Accepted
25,91,2023-04-15,602094,Accepted
26,96,2025-05-20,577148,Accepted
27,97,2021-04-22,816575,Accepted
28,98,2023-10-04,1007487,Accepted
29,101,2024-12-28,1385388,Accepted
30,104,2021-04-22,863674,Declined
31,105,2022-08-06,1505293,Accepted
32,106,2022-09-16,968891,Declined
33,112,2025-12-24,720158,Accepted
34,118,2023-03-22,539893,Accepted
35,121,2024-05-02,1084337,Declined
36,124,2022-03-02,676454,Accepted
37,129,2022-11-07,1751122,Accepted
38,138,2023-04-11,1551227,Accepted
39,146,2022-05-01,1774945,Accepted
40,147,2022-08-29,902656,Accepted
41,153,2022-01-03,939513,Accepted
42,154,2024-09-11,736227,Accepted
43,157,2021-04-06,498410,Accepted
44,158,2024-10-02,1656328,Accepted
45,162,2023-06-11,1145215,Accepted
46,169,2023-03-03,963708,Accepted
47,173,2022-07-07,734053,Accepted
48,175,2024-04-19,714266,Declined
49,177,2024-11-08,1240364,Accepted
50,178,2021-02-23,1469356,Accepted
51,179,2025-09-13,1100649,Accepted
52,191,2021-12-26,1645983,Accepted
53,195,2022-12-27,999209,Accepted
54,196,2021-03-30,940662,Accepted
55,203,2023-12-20,1421213,Accepted
56,204,2022-03-20,1677212,Accepted
57,205,2021-07-27,642409,Accepted
58,213,2024-10-08,1245645,Accepted
59,217,2024-07-13,1757673,Accepted
60,227,2025-04-20,1731605,Accepted
61,235,2022-01-03,1361522,Declined
62,236,2026-01-08,789649,Accepted
63,241,2026-01-07,852640,Accepted
64,244,2025-08-13,1641070,Accepted
65,245,2023-11-22,1170276,Declined
66,248,2022-12-11,1378075,Accepted
67,255,2021-05-31,972847,Accepted
68,256,2023-06-04,454795,Declined
69,259,2023-04-21,701916,Declined
70,261,2023-12-22,1416375,Declined
71,272,2022-04-14,1621739,Accepted
72,275,2022-08-12,492065,Accepted
73,277,2023-05-11,831613,Accepted
74,282,2021-04-02,733567,Accepted
75,283,2023-11-03,556801,Accepted
76,284,2021-05-05,1190101,Declined
77,285,2023-06-27,1707169,Accepted
78,289,2023-10-06,833515,Accepted
79,295,2025-09-05,979560,Accepted
80,300,2023-07-07,1327208,Accepted
81,310,2023-11-18,1736229,Accepted
82,311,2024-03-01,703855,Accepted
83,312,2024-07-10,1640181,Accepted
84,313,2021-10-14,1377364,Accepted
85,314,2023-05-23,866066,Accepted
86,317,2025-03-11,1705916,Accepted
87,318,2024-12-29,1508520,Accepted
88,323,2022-06-10,767205,Accepted
89,327,2022-04-24,1486364,Accepted
90,330,2024-09-21,797183,Accepted
91,333,2021-09-11,1325353,Accepted
92,339,2025-03-20,1345459,Accepted
93,340,2023-07-10,1745596,Accepted
94,342,2024-02-10,641442,Accepted
95,345,2022-12-18,1158252,Accepted
96,346,2023-07-05,1445492,Accepted
97,356,2024-06-22,796790,Accepted
98,371,2022-01-10,889685,Accepted
99,376,2021-04-18,1239374,Accepted
100,378,2023-12-26,1426230,Accepted
101,379,2024-09-26,1355562,Accepted
102,384,2022-06-11,880483,Accepted
103,387,2021-12-13,1192783,Accepted
104,388,2021-11-05,1529200,Accepted
105,391,2024-04-27,1198462,Accepted
106,394,2021-10-03,1234976,Accepted
107,395,2024-06-29,603178,Accepted
108,399,2022-09-28,1744579,Accepted
109,402,2021-10-21,1590002,Accepted
110,410,2022-02-15,765192,Accepted
111,416,2024-01-15,559275,Accepted
112,418,2023-02-01,873107,Accepted
113,420,2023-01-15,480244,Accepted
114,425,2021-12-20,1345043,Accepted
115,435,2024-03-27,1047854,Accepted
116,437,2025-09-10,1211760,Accepted
117,442,2022-08-30,980399,Accepted
118,457,2024-05-30,838391,Accepted
119,458,2023-11-12,746776,Accepted
120,461,2024-12-01,679080,Accepted
121,464,2023-11-07,690608,Accepted
122,465,2024-02-12,1322683,Accepted
123,471,2023-11-20,1480262,Declined
124,472,2021-05-02,1056658,Declined
125,478,2022-09-28,745810,Accepted
126,483,2023-10-11,1272542,Accepted
127,486,2022-08-21,1446904,Accepted
128,487,2024-03-22,1556738,Accepted
129,488,2025-08-03,1710180,Accepted
130,497,2022-03-18,1370459,Accepted
131,500,2025-03-11,1344006,Accepted
132,501,2025-10-01,1033236,Accepted
133,505,2024-06-10,1065163,Declined
134,506,2024-11-06,1350702,Accepted
135,514,2023-11-13,1157863,Declined
136,516,2022-07-06,1717171,Declined
137,517,2025-08-14,1332957,Accepted
138,518,2025-10-02,1251224,Accepted
139,520,2023-08-18,1727222,Accepted
140,525,2022-08-21,500214,Accepted
141,531,2022-01-08,776098,Accepted
142,535,2024-02-01,1295748,Accepted
143,536,2024-01-12,765354,Accepted
144,543,2021-04-09,545683,Accepted
145,544,2025-02-28,1106747,Accepted
146,545,2022-07-24,1425405,Declined
147,546,2025-09-23,1348602,Accepted
148,548,2024-07-15,589306,Accepted
149,556,2025-12-17,1526610,Declined
150,573,2021-05-04,1422198,Accepted
151,581,2021-11-10,523861,Declined
152,597,2025-07-03,764103,Accepted
153,607,2024-01-11,1105330,Accepted
154,610,2022-04-20,1616551,Accepted
155,617,2021-03-22,1543821,Accepted
156,618,2023-06-19,842288,Accepted
157,622,2025-08-14,957523,Accepted
158,626,2025-06-13,1218393,Accepted
159,628,2023-05-23,571932,Accepted
160,632,2022-03-27,1400190,Accepted
161,638,2021-07-31,798912,Declined
162,643,2022-12-11,1278480,Accepted
163,644,2024-12-22,920312,Accepted
164,645,2022-09-01,1490211,Accepted
165,647,2025-09-06,1018001,Declined
166,648,2023-12-01,1238894,Accepted
167,649,2023-06-18,1155041,Accepted
168,652,2024-07-15,1681963,Accepted
169,654,2024-10-24,1345090,Accepted
170,658,2023-12-18,577142,Accepted
171,663,2022-10-26,1292986,Accepted
172,667,2021-07-04,768154,Accepted
173,668,2021-04-03,1019962,Accepted
174,671,2022-11-17,747586,Accepted
175,681,2022-09-20,800529,Declined
176,684,2025-01-29,657265,Accepted
177,695,2022-12-24,1564182,Accepted
178,696,2022-03-28,766206,Accepted
179,697,2025-03-21,905098,Accepted
180,698,2025-09-21,610347,Accepted
181,704,2023-09-25,595880,Accepted
182,706,2025-05-29,1780538,Accepted
183,712,2022-05-10,1749113,Accepted
184,714,2024-12-23,1204570,Accepted
185,715,2024-08-06,1152158,Accepted
186,719,2022-07-29,598971,Declined
187,720,2025-09-02,945011,Accepted
188,723,2023-01-06,485144,Accepted
189,724,2025-03-01,911115,Accepted
190,727,2025-08-27,827820,Accepted
191,729,2021-03-26,927189,Declined
192,730,2023-09-06,1156847,Accepted
193,731,2024-01-06,1115659,Accepted
194,735,2021-08-12,1357419,Accepted
195,736,2023-12-06,1150747,Accepted
196,740,2024-08-30,1742106,Accepted
197,751,2021-07-13,716386,Accepted
198,755,2022-04-26,1548691,Accepted
199,756,2025-01-25,1642634,Declined
200,758,2025-12-22,1028722,Declined
201,759,2025-06-20,1468228,Accepted
202,760,2024-09-16,844494,Accepted
203,768,2024-12-07,1003948,Declined
204,770,2024-08-31,1329822,Declined
205,771,2025-04-01,936826,Accepted
206,777,2024-02-21,1215735,Accepted
207,779,2024-05-05,1017358,Accepted
208,783,2025-01-06,949831,Accepted
209,790,2024-06-22,786223,Accepted
210,793,2025-06-16,473589,Accepted
211,798,2025-04-16,1383400,Accepted
212,806,2024-09-28,474743,Declined
213,809,2022-05-12,1621237,Declined
214,810,2021-04-17,1502406,Accepted
215,812,2024-08-16,1614046,Accepted
216,813,2023-05-17,708916,Accepted
217,816,2026-02-03,1702290,Accepted
218,819,2022-05-04,1539654,Accepted
219,822,2025-01-17,640832,Accepted
220,823,2024-09-10,1039215,Accepted
221,826,2021-02-12,1643793,Accepted
222,830,2021-09-21,1779436,Accepted
223,833,2023-10-28,1158681,Accepted
224,835,2024-12-21,1107439,Accepted
225,841,2022-03-03,512794,Accepted
226,844,2024-10-08,924174,Accepted
227,848,2023-04-26,699656,Accepted
228,853,2025-05-20,515083,Accepted
229,855,2022-01-01,1671421,Accepted
230,856,2023-11-11,1283936,Declined
231,859,2022-11-09,1102711,Accepted
232,860,2022-05-21,1538204,Accepted
233,862,2023-09-17,1378158,Accepted
234,867,2025-11-12,497450,Accepted
235,868,2025-06-04,1498865,Accepted
236,871,2021-06-26,1113641,Declined
237,872,2024-07-26,1211508,Accepted
238,881,2025-06-25,995694,Accepted
239,884,2025-07-04,979864,Accepted
240,890,2021-07-27,984228,Accepted
241,894,2021-11-03,550977,Accepted
242,895,2025-08-19,1713863,Accepted
243,896,2025-09-27,1003649,Accepted
244,898,2024-10-21,1328544,Accepted
245,899,2023-02-23,1248766,Accepted
246,900,2025-12-07,761166,Accepted
247,904,2024-01-19,1584805,Declined
248,907,2025-09-03,1515889,Accepted
249,908,2024-12-24,1406852,Accepted
250,910,2025-07-15,589520,Accepted
251,912,2021-06-26,1559973,Accepted
252,917,2024-06-16,854519,Accepted
253,918,2022-01-13,676991,Accepted
254,919,2024-07-12,1544732,Accepted
255,920,2023-05-13,1673200,Accepted
256,921,2021-07-11,1564567,Accepted
257,923,2021-02-26,1164304,Accepted
258,928,2023-03-21,1617924,Accepted
259,931,2021-09-11,611147,Accepted
260,938,2024-02-06,1775324,Accepted
261,939,2022-04-12,1482085,Declined
262,944,2021-08-10,1736615,Accepted
263,948,2024-04-10,1026586,Accepted
264,949,2023-02-08,951915,Accepted
265,956,2023-03-19,1348953,Accepted
266,961,2023-01-07,1191931,Accepted
267,962,2025-12-16,1731090,Accepted
268,965,2021-03-03,1308413,Accepted
269,967,2025-09-16,654809,Accepted
270,970,2023-12-30,1374251,Accepted
271,981,2023-03-31,1298202,Accepted
272,983,2024-10-12,1752386,Accepted
273,986,2023-09-11,1473329,Accepted
274,988,2022-01-27,1463171,Accepted
275,994,2023-11-30,1294835,Accepted
276,998,2023-11-12,1363217,Accepted
277,1004,2022-04-20,1709377,Declined
278,1012,2022-05-17,978759,Accepted
279,1013,2023-07-16,1189630,Declined
280,1015,2022-01-08,769550,Accepted
281,1017,2023-10-08,1644554,Accepted
282,1018,2022-07-08,925572,Accepted
283,1022,2024-08-01,516316,Accepted
284,1023,2021-10-17,633334,Accepted
285,1030,2022-11-22,1745558,Accepted
286,1037,2025-12-28,1496247,Accepted
287,1045,2025-06-30,837692,Accepted
288,1047,2023-10-18,788328,Accepted
289,1052,2025-01-06,684700,Declined
290,1053,2023-04-28,1378032,Accepted
291,1062,2022-02-09,988089,Declined
292,1066,2022-04-17,500084,Accepted
293,1068,2022-12-27,499188,Accepted
294,1073,2021-10-02,1697109,Accepted
295,1075,2024-08-13,627008,Accepted
296,1076,2021-11-06,493772,Declined
297,1077,2021-12-29,1455470,Accepted
298,1080,2025-12-23,498500,Declined
299,1098,2022-12-20,1208641,Accepted
300,1099,2021-10-06,1332122,Accepted
301,1100,2021-06-12,1430882,Accepted
302,1102,2021-04-27,1459962,Declined
303,1106,2024-07-03,1688062,Accepted
304,1107,2022-07-14,1184887,Accepted
305,1110,2023-10-04,1774363,Accepted
306,1115,2025-04-25,654125,Accepted
307,1119,2025-04-12,1718731,Accepted
308,1124,2021-03-26,737124,Accepted
309,1125,2023-01-28,487880,Accepted
310,1133,2023-09-21,1421617,Accepted
311,1137,2022-09-28,1187041,Accepted
312,1141,2022-02-02,821428,Accepted
313,1147,2024-08-17,1468885,Declined
314,1149,2024-04-05,1021126,Accepted
315,1155,2023-11-29,692056,Accepted
316,1164,2021-02-18,837005,Declined
317,1172,2023-02-20,1188638,Accepted
318,1173,2024-12-16,1684027,Accepted
319,1174,2024-09-30,1579848,Accepted
320,1175,2021-10-10,758176,Declined
321,1181,2024-12-21,1478602,Accepted
322,1183,2024-12-25,1088697,Accepted
323,1185,2024-02-06,1425231,Declined
324,1187,2022-08-22,652540,Declined
325,1197,2024-06-22,1156851,Accepted
326,1199,2023-07-02,711014,Accepted
327,1207,2021-06-29,1639284,Accepted
328,1211,2022-07-11,857002,Accepted
329,1213,2022-11-16,753013,Declined
330,1215,2022-10-18,795251,Accepted
331,1217,2024-01-21,1255757,Accepted
332,1218,2022-01-20,1083811,Accepted
333,1220,2025-08-16,1616899,Accepted
334,1224,2026-02-17,1149704,Accepted
335,1230,2023-03-15,612606,Accepted
336,1232,2021-12-19,1504382,Accepted
337,1236,2021-05-17,1058523,Accepted
338,1238,2022-10-23,1564423,Accepted
339,1245,2023-05-09,1519595,Accepted
340,1252,2021-03-02,1101500,Accepted
341,1255,2022-11-13,1397108,Declined
342,1256,2023-06-08,477336,Accepted
343,1257,2024-08-12,560133,Accepted
344,1261,2023-11-23,786595,Accepted
345,1268,2021-02-20,604835,Declined
346,1276,2023-08-24,1005481,Declined
347,1278,2023-04-02,1306382,Accepted
348,1280,2024-06-14,1736092,Accepted
349,1285,2023-09-29,861750,Declined
350,1288,2025-06-17,1131576,Declined
351,1289,2022-05-25,810556,Declined
352,1293,2022-07-12,990477,Accepted
353,1294,2025-03-28,855440,Accepted
354,1295,2024-07-27,1674970,Declined
355,1298,2022-08-26,503117,Declined
356,1300,2021-05-03,917753,Accepted
357,1303,2022-05-09,1274565,Accepted
358,1313,2021-10-02,1797642,Accepted
359,1315,2025-02-05,1176721,Accepted
360,1316,2022-12-21,1077528,Accepted
361,1328,2021-07-26,836872,Declined
362,1329,2025-11-20,627079,Accepted
363,1340,2024-01-11,627467,Accepted
364,1342,2023-04-27,617308,Accepted
365,1345,2022-05-18,1635170,Accepted
366,1346,2024-01-05,1191308,Accepted
367,1347,2021-02-09,631576,Declined
368,1348,2024-06-02,1013588,Accepted
369,1349,2022-02-17,1670621,Declined
370,1355,2022-02-04,1320918,Declined
371,1356,2022-02-25,706046,Accepted
372,1360,2022-12-31,1444552,Accepted
373,1363,2025-01-30,1525495,Declined
374,1364,2026-02-01,1253590,Accepted
375,1366,2022-05-12,1387434,Accepted
376,1371,2023-12-08,951865,Accepted
377,1373,2024-11-02,1165791,Declined
378,1374,2022-06-03,1285525,Accepted
379,1377,2022-01-19,1716327,Accepted
380,1383,2021-12-16,1136010,Accepted
381,1387,2022-10-29,924425,Declined
382,1392,2023-09-10,852301,Accepted
383,1394,2024-12-22,1534790,Accepted
384,1405,2022-09-14,1192734,Accepted
385,1406,2021-08-21,1689696,Accepted
386,1415,2022-05-14,1204074,Declined
387,1418,2024-07-12,1135478,Accepted
388,1426,2022-10-02,673063,Accepted
389,1427,2025-01-30,589775,Accepted
390,1431,2024-02-01,1117952,Accepted
391,1434,2024-12-02,994312,Accepted
392,1443,2022-10-09,1398570,Accepted
393,1448,2024-03-27,903070,Accepted
394,1450,2022-05-05,890038,Accepted
395,1452,2025-09-22,1294250,Declined
396,1455,2024-06-17,633936,Accepted
397,1456,2025-09-17,583520,Accepted
398,1460,2021-03-07,672408,Declined
399,1464,2021-12-20,1796942,Accepted
400,1472,2025-04-12,1281173,Accepted
401,1476,2024-10-08,1245712,Accepted
402,1477,2021-08-14,766243,Accepted
403,1482,2024-09-26,490167,Declined
404,1488,2021-10-06,1652547,Accepted
405,1501,2025-02-12,1679803,Accepted
406,1503,2025-11-02,1496683,Accepted
407,1505,2023-05-16,943659,Accepted
408,1507,2022-07-07,862717,Accepted
409,1508,2021-12-01,1121895,Accepted
410,1512,2024-11-03,915824,Accepted
411,1519,2024-08-22,1072483,Accepted
412,1523,2022-11-20,829093,Accepted
413,1526,2023-11-10,1775840,Accepted
414,1527,2022-06-05,1160052,Accepted
415,1530,2025-02-03,1557128,Accepted
416,1531,2021-05-18,1100806,Accepted
417,1534,2024-03-02,1321009,Accepted
418,1546,2022-01-03,483824,Accepted
419,1554,2024-07-31,1371703,Accepted
420,1557,2024-07-05,643977,Accepted
421,1560,2025-05-07,509101,Accepted
422,1563,2021-06-15,1081762,Accepted
423,1568,2024-10-15,982293,Accepted
424,1581,2022-04-06,1117199,Accepted
425,1589,2024-07-15,526112,Declined
426,1597,2021-06-17,1553557,Accepted
427,1598,2023-01-13,1337382,Declined
428,1602,2023-01-21,1299911,Accepted
429,1604,2021-08-06,1335291,Accepted
430,1608,2023-03-21,1338945,Accepted
431,1613,2025-09-26,912817,Accepted
432,1616,2022-09-23,1011035,Accepted
433,1633,2024-02-16,1567586,Accepted
434,1634,2021-06-17,705604,Accepted
435,1640,2021-03-19,1690049,Accepted
436,1641,2023-11-07,1425182,Accepted
437,1642,2025-06-30,1032745,Accepted
438,1648,2024-09-27,835849,Accepted
439,1655,2022-01-01,532137,Accepted
440,1657,2024-12-27,756226,Accepted
441,1664,2023-07-12,679860,Declined
442,1667,2022-04-05,509077,Accepted
443,1668,2021-11-27,1357888,Accepted
444,1669,2022-09-24,1498276,Accepted
445,1670,2025-04-24,653402,Accepted
446,1671,2025-12-29,507273,Accepted
447,1672,2022-06-12,1461518,Accepted
448,1673,2025-06-14,502470,Accepted
449,1674,2023-11-11,1173968,Declined
450,1677,2024-09-21,1499945,Accepted
451,1678,2021-10-15,480403,Accepted
452,1680,2022-11-27,1468872,Accepted
453,1681,2023-03-27,607211,Accepted
454,1692,2022-06-27,733255,Accepted
455,1700,2024-11-20,1791053,Accepted
456,1701,2023-05-12,1490828,Accepted
457,1704,2021-11-25,1749110,Accepted
458,1705,2025-12-05,496884,Accepted
459,1706,2023-03-15,1157100,Accepted
460,1708,2024-07-21,1168333,Accepted
461,1712,2021-07-09,527423,Accepted
462,1714,2025-11-03,1586779,Accepted
463,1715,2021-09-05,541197,Accepted
464,1717,2022-03-02,1734590,Accepted
465,1719,2022-01-24,625132,Accepted
466,1721,2025-01-08,883910,Accepted
467,1725,2021-06-26,1403233,Accepted
468,1733,2026-01-08,556232,Accepted
469,1735,2025-03-12,859912,Declined
470,1739,2023-03-02,1246031,Accepted
471,1740,2022-10-07,1034264,Accepted
472,1742,2022-06-05,1287945,Accepted
473,1745,2023-02-01,702209,Accepted
474,1749,2025-10-31,1189127,Accepted
475,1753,2024-04-29,832522,Accepted
476,1754,2023-01-27,1697857,Accepted
477,1755,2022-12-20,1380102,Accepted
478,1766,2022-05-24,843453,Accepted
479,1770,2024-04-13,617831,Accepted
480,1772,2022-06-04,1425642,Accepted
481,1775,2022-12-09,1487147,Accepted
482,1790,2022-01-04,1546525,Accepted
483,1793,2022-07-08,779580,Accepted
484,1798,2021-03-15,577816,Accepted
485,1800,2024-08-19,686066,Accepted
486,1801,2021-10-01,1202323,Declined
487,1809,2025-07-31,1121965,Accepted
488,1812,2021-12-16,1680680,Accepted
489,1813,2024-11-06,1588383,Accepted
490,1822,2024-07-14,1754981,Accepted
491,1829,2024-12-28,1510784,Declined
492,1832,2022-11-21,1504743,Declined
493,1839,2022-04-22,587924,Accepted
494,1843,2023-12-22,616746,Declined
495,1847,2022-04-08,1153122,Accepted
496,1854,2025-01-23,508000,Accepted
497,1855,2025-04-07,1767759,Accepted
498,1871,2021-05-05,656785,Accepted
499,1873,2022-11-15,605435,Accepted
500,1876,2022-02-28,1380968,Accepted
501,1881,2023-11-28,749313,Declined
502,1883,2025-12-01,675178,Declined
503,1887,2023-06-13,1539102,Accepted
504,1900,2022-03-03,1650801,Accepted
505,1901,2021-12-22,1060399,Accepted
506,1902,2022-10-29,743922,Accepted
507,1903,2022-03-02,623109,Accepted
508,1904,2022-05-27,1619372,Accepted
509,1905,2025-11-21,1287229,Accepted
510,1908,2023-09-10,1700061,Accepted
511,1910,2023-05-30,1648052,Accepted
512,1915,2025-05-26,824501,Accepted
513,1916,2022-12-03,850202,Accepted
514,1932,2023-08-18,555968,Accepted
515,1933,2025-04-04,1020491,Declined
516,1935,2025-04-03,876903,Accepted
517,1940,2025-12-23,581094,Accepted
518,1941,2023-12-03,1787420,Accepted
519,1952,2022-10-28,1735509,Accepted
520,1962,2023-08-27,764620,Accepted
521,1965,2021-07-27,862209,Accepted
522,1972,2025-10-25,984715,Declined
523,1973,2025-03-18,1780993,Accepted
524,1975,2025-02-15,824259,Declined
525,1977,2021-03-30,1510261,Accepted
526,1985,2024-02-05,1742052,Accepted
527,1992,2023-06-10,1643716,Accepted
528,1994,2024-01-12,664024,Accepted
529,1997,2021-04-17,776662,Accepted
530,2003,2023-11-07,832027,Accepted
531,2005,2024-11-11,899610,Accepted
532,2007,2024-03-04,1746940,Accepted
533,2011,2021-11-07,1294102,Accepted
534,2015,2023-01-20,681110,Accepted
535,2026,2024-11-16,606715,Accepted
536,2030,2024-08-19,1024494,Accepted
537,2031,2025-07-04,840339,Accepted
538,2038,2025-06-05,1265732,Accepted
539,2039,2023-05-29,1561093,Accepted
540,2040,2024-11-05,1388350,Declined
541,2048,2024-10-28,504167,Accepted
542,2049,2021-12-23,830317,Accepted
543,2054,2023-09-04,1196244,Accepted
544,2056,2023-05-09,1778195,Accepted
545,2063,2024-02-03,467477,Accepted
546,2064,2023-09-24,883764,Accepted
547,2077,2024-08-20,1765675,Accepted
548,2081,2021-12-15,1151800,Declined
549,2085,2023-05-30,1616356,Accepted
550,2086,2024-06-04,1200033,Accepted
551,2092,2022-11-27,1266559,Accepted
552,2094,2025-02-10,570697,Declined
553,2096,2025-07-26,1143027,Accepted
554,2097,2022-01-21,1373425,Accepted
555,2103,2023-06-23,861389,Accepted
556,2108,2024-01-08,1266223,Accepted
557,2111,2025-10-02,716232,Accepted
558,2112,2023-06-14,1439789,Accepted
559,2116,2024-01-11,1015724,Accepted
560,2125,2024-08-02,656179,Accepted
561,2132,2024-02-15,928098,Accepted
562,2134,2023-06-14,672425,Accepted
563,2136,2024-07-21,1211893,Accepted
564,2138,2024-06-24,1676323,Accepted
565,2146,2025-09-29,1198198,Accepted
566,2155,2021-10-13,1022108,Accepted
567,2156,2024-10-15,487113,Accepted
568,2159,2024-06-16,783485,Accepted
569,2160,2024-04-16,717665,Accepted
570,2161,2025-06-22,1617930,Accepted
571,2164,2021-11-10,505563,Declined
572,2172,2026-02-06,1678827,Declined
573,2173,2025-06-03,1000939,Accepted
574,2184,2021-07-24,737062,Accepted
575,2190,2025-01-13,1357162,Declined
576,2191,2023-10-31,1596055,Accepted
577,2197,2024-11-06,1080909,Accepted
578,2201,2022-02-14,1606566,Accepted
579,2217,2021-09-30,1589210,Accepted
580,2219,2025-12-10,1444590,Accepted
581,2223,2026-01-26,1462554,Accepted
582,2225,2022-06-21,1176076,Accepted
583,2226,2023-07-30,1360339,Accepted
584,2228,2024-01-29,1544111,Accepted
585,2231,2024-06-12,1712597,Declined
586,2234,2026-02-02,546567,Accepted
587,2242,2025-04-07,503673,Accepted
588,2243,2023-07-23,680143,Accepted
589,2247,2024-05-19,1630386,Accepted
590,2252,2022-12-23,1376741,Accepted
591,2253,2021-03-27,988356,Accepted
592,2256,2025-06-21,764952,Accepted
593,2259,2021-11-15,721516,Accepted
594,2261,2023-06-15,1731981,Accepted
595,2262,2025-02-17,958007,Accepted
596,2272,2021-09-22,1125949,Declined
597,2278,2023-11-14,1610469,Accepted
598,2282,2024-05-31,746231,Accepted
599,2292,2021-12-28,1269373,Accepted
600,2295,2024-01-18,963946,Accepted
601,2307,2021-09-21,978514,Accepted
602,2308,2024-08-29,1407420,Accepted
603,2312,2024-05-31,537047,Accepted
604,2313,2021-04-19,717309,Accepted
605,2322,2023-03-10,1690635,Accepted
606,2323,2023-04-19,605504,Accepted
607,2326,2022-07-06,1313251,Accepted
608,2329,2022-10-07,1156487,Accepted
609,2331,2023-07-05,708139,Accepted
610,2335,2023-03-23,700082,Accepted
611,2343,2021-11-29,670117,Declined
612,2345,2023-05-24,957722,Accepted
613,2354,2022-07-28,1404020,Accepted
614,2355,2023-07-11,494529,Accepted
615,2359,2021-09-16,983829,Declined
616,2362,2022-10-21,1443573,Accepted
617,2363,2021-05-25,1478320,Accepted
618,2364,2023-10-28,1749012,Declined
619,2369,2023-04-20,1714001,Accepted
620,2371,2025-09-04,1662959,Accepted
621,2379,2023-12-02,915858,Accepted
622,2380,2022-08-15,749207,Accepted
623,2385,2024-01-14,1757815,Accepted
624,2390,2023-01-18,928077,Accepted
625,2391,2025-11-23,1757769,Accepted
626,2394,2024-06-21,821050,Accepted
627,2395,2022-11-15,1724994,Accepted
628,2398,2022-02-25,1065066,Accepted
629,2400,2022-09-07,1130889,Accepted
630,2401,2022-03-26,1761144,Accepted
631,2402,2021-10-11,1722047,Accepted
632,2411,2024-03-23,1421072,Accepted
633,2415,2025-07-11,1489553,Accepted
634,2418,2023-11-09,771235,Accepted
635,2420,2025-10-12,1505254,Accepted
636,2425,2024-02-21,456542,Accepted
637,2431,2025-07-11,1387494,Accepted
638,2441,2023-03-27,453756,Accepted
639,2443,2021-04-29,1629700,Accepted
640,2447,2025-09-18,1346536,Accepted
641,2448,2023-11-18,566425,Accepted
642,2450,2023-06-12,1766303,Accepted
643,2452,2021-12-27,1327689,Declined
644,2459,2024-01-21,1027521,Accepted
645,2465,2021-04-01,1522142,Accepted
646,2473,2021-03-05,1341766,Accepted
647,2475,2023-06-24,666502,Accepted
648,2481,2022-02-23,516054,Accepted
649,2482,2021-11-24,1116137,Accepted
650,2494,2024-10-20,1362317,Accepted
651,2495,2023-01-16,589285,Accepted
652,2496,2023-08-14,1320039,Accepted
653,2497,2025-10-11,1455655,Accepted
654,2498,2024-08-15,701754,Accepted
655,2501,2025-09-28,1452161,Accepted
656,2507,2023-08-22,1031839,Accepted
657,2508,2022-11-28,1374688,Accepted
658,2509,2025-08-18,1001567,Accepted
659,2512,2023-05-03,983036,Accepted
660,2516,2024-11-02,911017,Accepted
661,2532,2024-06-04,1098640,Accepted
662,2536,2025-03-25,1283554,Declined
663,2541,2025-05-25,566686,Accepted
664,2542,2025-05-01,922025,Accepted
665,2548,2025-10-24,1460347,Accepted
666,2551,2022-05-25,1591321,Accepted
667,2558,2023-04-08,510408,Accepted
668,2559,2022-08-21,1564220,Accepted
669,2562,2022-02-10,463080,Accepted
670,2563,2023-07-09,1727385,Accepted
671,2571,2022-12-08,1180413,Accepted
672,2572,2021-11-28,1759182,Accepted
673,2577,2024-01-26,793918,Accepted
674,2579,2025-02-18,1560240,Declined
675,2584,2024-02-21,1199170,Accepted
676,2588,2021-05-26,1490592,Accepted
677,2589,2023-08-07,838767,Accepted
678,2590,2024-07-27,527261,Accepted
679,2593,2021-05-21,1736732,Accepted
680,2594,2021-03-05,1440543,Accepted
681,2595,2025-06-18,1396574,Declined
682,2606,2021-04-09,564011,Accepted
683,2607,2022-11-20,1708809,Accepted
684,2609,2023-06-14,1686754,Accepted
685,2614,2021-11-17,1256357,Accepted
686,2615,2023-07-30,684032,Accepted
687,2625,2023-07-11,914570,Declined
688,2632,2025-11-11,662581,Declined
689,2633,2022-04-21,768774,Accepted
690,2635,2025-02-17,768987,Accepted
691,2636,2025-02-02,1522382,Declined
692,2639,2021-04-21,1597816,Declined
693,2641,2021-07-27,954503,Accepted
694,2643,2021-08-23,646861,Accepted
695,2644,2022-02-02,1629854,Accepted
696,2645,2023-05-17,1512671,Declined
697,2646,2024-12-23,550352,Accepted
698,2649,2024-09-11,1256243,Accepted
699,2652,2022-07-22,1491767,Accepted
700,2658,2023-07-30,1256184,Accepted
701,2661,2022-12-03,486808,Accepted
702,2674,2024-10-22,1403376,Accepted
703,2675,2023-10-03,737387,Declined
704,2680,2023-02-11,1138656,Accepted
705,2691,2025-03-06,752644,Accepted
706,2692,2025-04-17,1135567,Accepted
707,2699,2024-02-26,1549996,Accepted
708,2702,2021-10-11,1018106,Declined
709,2704,2021-11-30,1495493,Accepted
710,2705,2022-01-26,1374483,Accepted
711,2708,2025-11-19,1096960,Accepted
712,2711,2024-11-06,1025658,Accepted
713,2714,2024-07-22,1457525,Accepted
714,2718,2021-05-01,520208,Accepted
715,2719,2025-11-18,978611,Accepted
716,2730,2024-02-12,680696,Accepted
717,2736,2023-11-08,1682332,Declined
718,2739,2023-09-12,672525,Accepted
719,2742,2022-07-30,904229,Accepted
720,2746,2024-11-29,1220287,Declined
721,2750,2022-08-22,624651,Accepted
722,2753,2025-08-05,1739229,Accepted
723,2754,2025-03-21,1524669,Accepted
724,2761,2024-11-30,1043222,Accepted
725,2767,2023-12-28,1782178,Accepted
726,2774,2022-05-12,452952,Accepted
727,2781,2024-07-09,1054207,Declined
728,2784,2023-08-12,1731485,Accepted
729,2789,2022-05-22,1419000,Accepted
730,2794,2022-07-31,1180119,Accepted
731,2799,2024-09-13,1453962,Accepted
732,2800,2025-12-21,1333731,Accepted
733,2803,2024-12-14,1472336,Accepted
734,2807,2021-05-24,1748220,Accepted
735,2811,2024-04-23,1430653,Accepted
736,2814,2025-05-14,751159,Accepted
737,2818,2025-12-08,1252371,Accepted
738,2821,2023-12-07,779769,Accepted
739,2822,2025-09-06,1095246,Accepted
740,2823,2024-01-24,1758228,Accepted
741,2828,2026-01-07,1503325,Accepted
742,2838,2021-07-08,739424,Accepted
743,2843,2023-11-05,1712104,Accepted
744,2846,2023-11-27,618513,Accepted
745,2852,2024-05-17,1548679,Declined
746,2853,2021-05-30,1289476,Accepted
747,2854,2023-02-04,1575374,Accepted
748,2857,2024-01-01,1291113,Accepted
749,2858,2026-01-26,1033693,Accepted
750,2860,2024-03-28,1205313,Declined
751,2863,2021-05-06,1042810,Declined
752,2875,2022-09-12,727373,Accepted
753,2877,2022-06-03,1580791,Accepted
754,2880,2023-12-11,802843,Accepted
755,2884,2025-01-31,1129422,Accepted
756,2886,2023-01-05,1705872,Accepted
757,2889,2024-10-23,754293,Accepted
758,2892,2022-09-28,1603912,Accepted
759,2895,2024-02-14,840732,Accepted
760,2898,2024-09-15,1063688,Accepted
761,2906,2021-04-02,682989,Accepted
762,2907,2025-05-06,532100,Accepted
763,2908,2021-06-23,765816,Accepted
764,2918,2025-10-26,708900,Accepted
765,2923,2024-09-07,845615,Declined
766,2928,2022-11-27,471097,Accepted
767,2929,2022-01-17,1036399,Accepted
768,2931,2022-09-05,727344,Accepted
769,2937,2023-04-12,1559201,Declined
770,2939,2025-02-27,1327715,Accepted
771,2946,2022-08-24,1429357,Accepted
772,2955,2021-08-01,1368877,Accepted
773,2957,2024-11-15,1755989,Declined
774,2969,2024-02-17,1797942,Accepted
775,2976,2021-10-01,847998,Accepted
776,2980,2025-10-03,983051,Accepted
777,2986,2024-10-31,1204321,Accepted
778,2987,2022-06-05,496755,Accepted
779,2988,2024-12-06,573801,Accepted
780,2994,2024-10-16,1310820,Accepted
781,3002,2021-06-25,576723,Accepted
782,3003,2023-03-17,687272,Accepted
783,3005,2021-07-31,990114,Accepted
784,3017,2023-11-09,1633154,Accepted
785,3018,2023-01-08,1778296,Accepted
786,3019,2025-08-31,1612596,Accepted
787,3020,2023-01-31,1075831,Declined
788,3023,2023-06-21,1751072,Accepted
789,3025,2023-02-26,1525879,Accepted
790,3030,2023-07-27,1007435,Accepted
791,3032,2021-12-08,1314562,Accepted
792,3037,2024-11-26,1691843,Declined
793,3040,2022-06-10,1381833,Accepted
794,3054,2022-01-16,508521,Accepted
795,3059,2022-09-29,1446088,Accepted
796,3060,2024-01-12,1046252,Accepted
797,3061,2024-03-11,1377105,Accepted
798,3063,2021-11-28,1092764,Accepted
799,3064,2022-11-20,1429013,Accepted
800,3065,2023-04-10,1422358,Accepted
801,3071,2025-08-25,1340402,Accepted
802,3073,2023-01-26,1459562,Accepted
803,3077,2025-09-28,1714107,Accepted
804,3080,2025-02-07,636860,Accepted
805,3084,2022-06-12,1309384,Accepted
806,3088,2021-06-19,1740282,Declined
807,3090,2022-03-23,1068226,Declined
808,3091,2022-02-02,1438191,Accepted
809,3092,2022-08-06,1591705,Declined
810,3095,2021-11-02,966221,Accepted
811,3102,2021-09-29,1339708,Accepted
812,3113,2023-12-06,1211388,Accepted
813,3117,2022-12-23,546225,Declined
814,3118,2023-09-15,811140,Accepted
815,3124,2024-06-10,1229831,Accepted
816,3126,2023-09-01,660069,Accepted
817,3129,2023-07-05,1620165,Accepted
818,3130,2023-03-07,1366841,Accepted
819,3131,2022-08-12,1142357,Accepted
820,3133,2024-07-15,979384,Accepted
821,3134,2023-06-06,934228,Accepted
822,3137,2023-06-01,737984,Declined
823,3138,2025-06-13,1193148,Declined
824,3139,2025-12-09,1311218,Accepted
825,3141,2022-05-03,1149415,Accepted
826,3142,2024-08-26,1307789,Accepted
827,3143,2022-03-08,566663,Accepted
828,3145,2023-01-01,1081025,Declined
829,3148,2021-12-20,1196776,Declined
830,3155,2023-03-10,755075,Accepted
831,3156,2022-05-10,1078511,Accepted
832,3161,2026-01-27,1126403,Accepted
833,3162,2026-01-31,1764027,Accepted
834,3166,2021-07-26,541113,Accepted
835,3167,2022-10-24,1570069,Declined
836,3169,2021-12-07,477869,Accepted
837,3170,2025-11-10,581990,Accepted
838,3178,2024-08-20,1727360,Accepted
839,3179,2022-02-12,1037360,Accepted
840,3180,2025-05-17,1437736,Accepted
841,3182,2022-10-21,635145,Declined
842,3191,2023-03-01,1790646,Accepted
843,3194,2022-06-22,1157285,Accepted
844,3195,2022-05-03,1350176,Accepted
845,3199,2025-03-26,907305,Declined
846,3200,2024-07-02,571617,Declined
