role_id,department_id,role_name,job_family,salary_min,salary_max
1,1,HR Executive,HR,450000,750000
2,1,HR Manager,HR,850000,1500000
3,2,Financial Analyst,Finance,550000,950000
4,2,Finance Manager,Finance,1000000,1800000
5,3,Sales Executive,Sales,400000,800000
6,3,Sales Manager,Sales,850000,1600000
7,4,Marketing Analyst,Marketing,500000,900000
8,4,Marketing Manager,Marketing,900000,1700000
9,5,Data Analyst,IT,600000,1100000
10,5,Software Engineer,IT,650000,1300000
11,5,IT Manager,IT,1100000,2000000
12,6,Operations Executive,Operations,450000,850000
13,6,Operations Manager,Operations,900000,1600000
14,7,Customer Support Executive,Support,350000,650000
15,7,Customer Support Manager,Support,750000,1300000
16,8,Procurement Analyst,Procurement,500000,900000
17,8,Procurement Manager,Procurement,900000,1600000
