onboarding_id,employee_id,joining_date,onboarding_completion_date,onboarding_status,documents_verified
1,1,2023-04-12,2023-05-08,Completed,Yes
2,2,2023-07-11,2023-07-31,Pending,Yes
3,3,2025-04-17,2025-04-23,Completed,No
4,4,2023-10-03,2023-10-28,Completed,No
5,5,2024-09-19,2024-09-30,Pending,No
6,6,2022-07-01,2022-07-28,Pending,No
7,7,2023-08-27,2023-09-14,Completed,Yes
8,8,2025-03-09,2025-04-04,Completed,Yes
9,9,2021-12-25,2022-01-20,Completed,No
10,10,2025-11-25,2025-12-12,Completed,Yes
11,11,2025-08-28,2025-09-13,Pending,Yes
12,12,2024-02-20,2024-03-07,Completed,No
13,13,2025-07-18,2025-08-06,Pending,No
14,14,2023-04-18,2023-04-27,Completed,No
15,15,2023-04-02,2023-04-08,Completed,Yes
16,16,2021-10-27,2021-11-13,Completed,No
17,17,2022-10-15,2022-11-04,Pending,No
18,18,2023-12-18,2024-01-09,Completed,Yes
19,19,2024-10-04,2024-10-19,Completed,Yes
20,20,2021-01-22,2021-02-03,Completed,Yes
21,21,2025-09-01,2025-09-13,Completed,No
22,22,2024-04-15,2024-05-12,Completed,Yes
23,23,2023-08-26,2023-09-18,Completed,Yes
24,24,2025-10-07,2025-10-25,Completed,Yes
25,25,2022-01-25,2022-02-17,Completed,Yes
26,26,2021-08-19,2021-09-09,Completed,Yes
27,27,2023-03-13,2023-04-05,Completed,No
28,28,2025-04-22,2025-05-06,Completed,Yes
29,29,2021-02-23,2021-02-28,Pending,No
30,30,2021-09-25,2021-10-14,Completed,Yes
31,31,2025-09-16,2025-10-15,Completed,Yes
32,32,2025-01-17,2025-02-02,Completed,No
33,33,2025-09-24,2025-10-13,Completed,No
34,34,2023-12-30,2024-01-14,Pending,Yes
35,35,2022-02-08,2022-03-04,Completed,Yes
36,36,2024-01-21,2024-02-02,Completed,Yes
37,37,2022-10-03,2022-10-09,Completed,No
38,38,2024-09-17,2024-09-26,Completed,Yes
39,39,2025-11-28,2025-12-23,Completed,Yes
40,40,2023-12-29,2024-01-11,Pending,No
41,41,2025-10-12,2025-11-09,Completed,Yes
42,42,2025-01-29,2025-02-03,Pending,No
43,43,2022-10-19,2022-11-03,Completed,Yes
44,44,2025-09-20,2025-10-18,Completed,Yes
45,45,2021-02-28,2021-03-29,Completed,Yes
46,46,2021-08-12,2021-09-02,Completed,No
47,47,2021-06-29,2021-07-19,Pending,No
48,48,2024-07-04,2024-07-25,Completed,No
49,49,2023-08-03,2023-08-14,Completed,Yes
50,50,2025-03-26,2025-04-22,Completed,Yes
51,51,2021-03-03,2021-03-15,Completed,Yes
52,52,2022-10-12,2022-10-27,Completed,Yes
53,53,2023-01-01,2023-01-10,Completed,No
54,54,2024-09-12,2024-09-30,Pending,Yes
55,55,2022-12-22,2023-01-17,Completed,No
56,56,2025-08-22,2025-09-06,Completed,No
57,57,2022-03-16,2022-03-30,Pending,Yes
58,58,2021-12-04,2021-12-28,Pending,Yes
59,59,2022-08-30,2022-09-25,Completed,Yes
60,60,2023-01-28,2023-02-09,Completed,Yes
61,61,2022-06-09,2022-06-14,Pending,Yes
62,62,2021-08-16,2021-08-30,Completed,Yes
63,63,2023-11-20,2023-12-18,Completed,Yes
64,64,2024-08-18,2024-09-10,Completed,Yes
65,65,2025-04-26,2025-05-24,Completed,No
66,66,2025-09-09,2025-09-21,Completed,Yes
67,67,2023-04-29,2023-05-08,Pending,No
68,68,2025-02-09,2025-03-02,Completed,Yes
69,69,2024-08-27,2024-09-14,Completed,Yes
70,70,2022-01-08,2022-01-19,Pending,Yes
71,71,2021-07-13,2021-08-04,Completed,Yes
72,72,2022-10-10,2022-11-01,Completed,Yes
73,73,2023-05-05,2023-05-17,Completed,Yes
74,74,2022-08-24,2022-09-12,Pending,Yes
75,75,2023-05-09,2023-05-14,Completed,Yes
76,76,2022-08-04,2022-08-16,Completed,No
77,77,2024-04-07,2024-04-13,Completed,Yes
78,78,2023-04-14,2023-04-26,Pending,Yes
79,79,2021-11-21,2021-12-21,Completed,No
80,80,2022-09-28,2022-10-21,Completed,Yes
81,81,2025-02-25,2025-03-18,Completed,Yes
82,82,2022-07-16,2022-07-25,Completed,Yes
83,83,2024-03-28,2024-04-24,Completed,Yes
84,84,2022-10-12,2022-10-21,Completed,Yes
85,85,2022-12-02,2022-12-22,Completed,Yes
86,86,2024-12-14,2024-12-22,Completed,No
87,87,2021-05-08,2021-06-02,Pending,Yes
88,88,2021-07-06,2021-08-04,Pending,Yes
89,89,2022-01-05,2022-02-03,Completed,Yes
90,90,2023-07-15,2023-08-12,Completed,Yes
91,91,2021-02-20,2021-03-18,Pending,Yes
92,92,2024-10-11,2024-10-19,Completed,Yes
93,93,2021-06-07,2021-06-27,Pending,No
94,94,2023-01-16,2023-02-01,Pending,Yes
95,95,2025-08-20,2025-08-25,Completed,No
96,96,2022-06-10,2022-06-27,Completed,Yes
97,97,2024-10-24,2024-11-04,Completed,Yes
98,98,2025-01-31,2025-02-28,Completed,No
99,99,2024-08-26,2024-09-06,Completed,Yes
100,100,2023-03-11,2023-04-04,Completed,No
101,101,2024-10-20,2024-11-19,Completed,Yes
102,102,2025-09-21,2025-10-13,Completed,Yes
103,103,2021-01-07,2021-02-02,Completed,Yes
104,104,2025-10-21,2025-11-14,Completed,No
105,105,2021-08-12,2021-08-26,Completed,Yes
106,106,2024-01-22,2024-02-07,Completed,No
107,107,2025-06-08,2025-06-13,Completed,No
108,108,2023-06-25,2023-07-13,Completed,Yes
109,109,2022-08-20,2022-09-07,Completed,Yes
110,110,2021-11-23,2021-12-18,Pending,Yes
111,111,2021-03-08,2021-03-29,Pending,Yes
112,112,2025-05-28,2025-06-04,Pending,Yes
113,113,2022-04-21,2022-05-07,Completed,Yes
114,114,2025-10-22,2025-10-27,Completed,Yes
115,115,2025-07-28,2025-08-09,Pending,Yes
116,116,2025-05-07,2025-05-14,Completed,Yes
117,117,2024-02-01,2024-03-02,Completed,No
118,118,2023-05-02,2023-05-22,Completed,Yes
119,119,2025-07-15,2025-08-02,Completed,No
120,120,2025-06-24,2025-07-17,Completed,Yes
121,121,2023-10-28,2023-11-14,Completed,Yes
122,122,2021-08-02,2021-09-01,Completed,No
123,123,2022-06-16,2022-07-14,Pending,Yes
124,124,2023-11-29,2023-12-06,Completed,Yes
125,125,2023-11-25,2023-12-25,Pending,Yes
126,126,2023-06-01,2023-06-20,Completed,No
127,127,2024-07-08,2024-07-15,Pending,Yes
128,128,2024-07-07,2024-07-14,Completed,No
129,129,2023-08-03,2023-08-21,Completed,Yes
130,130,2025-02-08,2025-02-16,Pending,Yes
131,131,2021-12-31,2022-01-26,Pending,No
132,132,2022-11-29,2022-12-21,Completed,Yes
133,133,2022-09-26,2022-10-10,Completed,No
134,134,2024-01-11,2024-01-18,Completed,No
135,135,2022-06-12,2022-06-29,Pending,Yes
136,136,2024-02-10,2024-02-15,Pending,Yes
137,137,2024-09-23,2024-10-11,Completed,Yes
138,138,2021-09-24,2021-10-23,Completed,No
139,139,2023-10-27,2023-11-09,Completed,Yes
140,140,2024-07-08,2024-07-20,Pending,Yes
141,141,2021-03-05,2021-03-14,Pending,No
142,142,2025-09-21,2025-10-21,Pending,Yes
143,143,2023-06-22,2023-07-16,Completed,No
144,144,2025-11-03,2025-11-26,Completed,No
145,145,2025-08-07,2025-08-23,Pending,No
146,146,2021-06-13,2021-06-26,Completed,Yes
147,147,2023-05-20,2023-06-08,Completed,Yes
148,148,2025-02-17,2025-03-08,Completed,Yes
149,149,2022-02-03,2022-02-18,Completed,Yes
150,150,2021-02-15,2021-02-22,Completed,No
151,151,2021-01-24,2021-02-16,Completed,Yes
152,152,2025-02-27,2025-03-06,Completed,Yes
153,153,2023-01-28,2023-02-16,Completed,No
154,154,2024-10-07,2024-10-22,Completed,No
155,155,2025-08-13,2025-09-07,Completed,Yes
156,156,2023-05-19,2023-05-27,Completed,No
157,157,2021-03-29,2021-04-28,Pending,Yes
158,158,2022-12-16,2022-12-31,Completed,Yes
159,159,2022-01-31,2022-02-20,Completed,Yes
160,160,2024-07-28,2024-08-22,Completed,Yes
161,161,2025-09-15,2025-09-29,Pending,Yes
162,162,2021-03-03,2021-03-26,Completed,Yes
163,163,2025-11-23,2025-12-14,Pending,Yes
164,164,2021-01-10,2021-01-19,Pending,Yes
165,165,2021-10-05,2021-10-20,Completed,Yes
166,166,2023-12-20,2024-01-08,Completed,Yes
167,167,2022-10-17,2022-10-29,Completed,Yes
168,168,2025-10-22,2025-11-02,Completed,Yes
169,169,2021-07-22,2021-08-03,Completed,Yes
170,170,2023-03-01,2023-03-23,Completed,Yes
171,171,2025-01-10,2025-01-21,Completed,No
172,172,2021-12-15,2021-12-24,Completed,Yes
173,173,2022-07-05,2022-07-17,Completed,Yes
174,174,2023-01-22,2023-02-07,Completed,No
175,175,2023-08-16,2023-09-15,Completed,Yes
176,176,2021-03-11,2021-03-21,Completed,Yes
177,177,2022-04-16,2022-04-23,Completed,Yes
178,178,2025-06-11,2025-07-09,Completed,Yes
179,179,2023-03-08,2023-03-19,Completed,No
180,180,2021-10-17,2021-11-15,Completed,Yes
181,181,2025-04-08,2025-04-24,Completed,No
182,182,2021-02-27,2021-03-04,Pending,Yes
183,183,2022-04-13,2022-05-10,Completed,Yes
184,184,2022-02-11,2022-03-06,Pending,No
185,185,2024-12-01,2024-12-10,Completed,Yes
186,186,2021-07-07,2021-07-25,Completed,Yes
187,187,2023-12-10,2023-12-28,Completed,Yes
188,188,2021-03-07,2021-04-03,Completed,No
189,189,2023-04-30,2023-05-23,Completed,Yes
190,190,2021-11-09,2021-11-21,Completed,Yes
191,191,2021-06-09,2021-06-25,Pending,Yes
192,192,2025-07-31,2025-08-26,Completed,No
193,193,2022-03-26,2022-04-03,Completed,Yes
194,194,2022-11-08,2022-11-28,Completed,Yes
195,195,2025-11-01,2025-11-14,Completed,Yes
196,196,2021-02-12,2021-03-06,Completed,Yes
197,197,2022-06-12,2022-07-08,Pending,Yes
198,198,2022-01-30,2022-02-08,Pending,No
199,199,2024-02-04,2024-02-23,Completed,No
200,200,2021-05-23,2021-05-28,Pending,Yes
201,201,2023-12-14,2024-01-12,Completed,Yes
202,202,2025-11-04,2025-11-14,Pending,Yes
203,203,2023-11-09,2023-11-21,Completed,Yes
204,204,2022-11-04,2022-11-16,Pending,Yes
205,205,2021-04-16,2021-05-13,Pending,No
206,206,2024-11-09,2024-11-17,Pending,Yes
207,207,2024-07-09,2024-07-22,Completed,No
208,208,2022-02-28,2022-03-13,Completed,No
209,209,2024-09-04,2024-10-01,Completed,Yes
210,210,2021-09-09,2021-09-16,Completed,Yes
211,211,2023-04-29,2023-05-20,Completed,Yes
212,212,2025-06-28,2025-07-13,Completed,No
213,213,2024-01-20,2024-02-05,Completed,Yes
214,214,2021-06-11,2021-06-20,Completed,Yes
215,215,2025-07-20,2025-08-14,Completed,No
216,216,2022-02-28,2022-03-24,Completed,Yes
217,217,2023-11-02,2023-11-24,Completed,Yes
218,218,2023-01-23,2023-02-01,Completed,No
219,219,2024-02-15,2024-03-06,Completed,No
220,220,2022-12-09,2023-01-07,Completed,Yes
221,221,2024-09-02,2024-09-12,Completed,Yes
222,222,2025-06-10,2025-07-04,Completed,No
223,223,2023-02-15,2023-03-01,Completed,Yes
224,224,2023-06-23,2023-07-19,Completed,Yes
225,225,2022-11-11,2022-12-01,Completed,No
226,226,2022-05-06,2022-06-03,Completed,No
227,227,2023-07-14,2023-07-24,Completed,Yes
228,228,2025-03-22,2025-04-06,Completed,Yes
229,229,2025-04-05,2025-05-03,Completed,No
230,230,2024-12-21,2025-01-14,Pending,Yes
231,231,2023-01-06,2023-01-16,Completed,Yes
232,232,2025-11-02,2025-11-07,Completed,Yes
233,233,2021-12-24,2022-01-02,Pending,Yes
234,234,2021-04-01,2021-04-30,Completed,Yes
235,235,2022-11-17,2022-11-24,Pending,Yes
236,236,2025-11-06,2025-11-14,Completed,No
237,237,2021-11-30,2021-12-22,Completed,Yes
238,238,2022-01-25,2022-02-14,Completed,No
239,239,2023-11-03,2023-11-20,Pending,No
240,240,2025-07-13,2025-08-06,Pending,Yes
241,241,2024-02-27,2024-03-05,Completed,No
242,242,2022-03-09,2022-04-01,Pending,Yes
243,243,2025-10-07,2025-11-02,Completed,Yes
244,244,2025-06-18,2025-06-28,Completed,Yes
245,245,2022-09-24,2022-10-16,Completed,Yes
246,246,2022-03-12,2022-04-05,Completed,No
247,247,2025-05-07,2025-05-25,Pending,Yes
248,248,2022-04-02,2022-04-10,Completed,No
249,249,2023-11-03,2023-11-15,Completed,Yes
250,250,2024-03-17,2024-04-14,Completed,Yes
251,251,2025-08-09,2025-09-05,Completed,No
252,252,2025-04-09,2025-04-16,Completed,Yes
253,253,2025-01-12,2025-02-06,Completed,Yes
254,254,2023-10-22,2023-11-02,Completed,No
255,255,2021-05-24,2021-06-10,Pending,No
256,256,2021-10-20,2021-10-26,Completed,Yes
257,257,2025-02-20,2025-03-13,Completed,Yes
258,258,2024-01-13,2024-02-06,Pending,Yes
259,259,2023-05-05,2023-05-31,Completed,Yes
260,260,2023-12-04,2023-12-15,Completed,No
261,261,2022-11-20,2022-12-01,Pending,Yes
262,262,2021-12-02,2021-12-21,Completed,Yes
263,263,2022-12-27,2023-01-03,Completed,Yes
264,264,2022-08-07,2022-09-03,Pending,No
265,265,2023-07-19,2023-07-30,Completed,Yes
266,266,2023-05-20,2023-06-18,Completed,Yes
267,267,2023-10-02,2023-10-13,Completed,Yes
268,268,2024-01-02,2024-01-17,Completed,Yes
269,269,2021-04-29,2021-05-27,Completed,Yes
270,270,2022-01-15,2022-02-04,Completed,Yes
271,271,2023-08-31,2023-09-21,Completed,No
272,272,2023-09-24,2023-10-10,Completed,Yes
273,273,2025-07-30,2025-08-21,Pending,Yes
274,274,2025-08-29,2025-09-27,Completed,Yes
275,275,2025-02-25,2025-03-26,Completed,Yes
276,276,2022-05-22,2022-05-27,Pending,Yes
277,277,2025-08-07,2025-09-01,Pending,No
278,278,2023-12-13,2024-01-11,Pending,Yes
279,279,2023-12-15,2024-01-02,Completed,No
280,280,2025-02-27,2025-03-21,Completed,No
281,281,2022-05-09,2022-05-26,Completed,Yes
282,282,2023-03-08,2023-03-23,Completed,Yes
283,283,2024-06-19,2024-07-07,Completed,Yes
284,284,2022-12-15,2022-12-26,Completed,No
285,285,2022-08-06,2022-08-20,Completed,Yes
286,286,2022-11-29,2022-12-16,Completed,Yes
287,287,2021-11-05,2021-12-02,Completed,Yes
288,288,2022-09-05,2022-09-29,Completed,Yes
289,289,2023-09-08,2023-09-19,Completed,Yes
290,290,2023-04-21,2023-05-18,Completed,Yes
291,291,2024-12-31,2025-01-26,Completed,Yes
292,292,2025-08-05,2025-08-25,Completed,Yes
293,293,2021-08-10,2021-08-30,Pending,Yes
294,294,2021-08-31,2021-09-12,Completed,No
295,295,2021-04-17,2021-04-23,Pending,Yes
296,296,2021-09-30,2021-10-20,Completed,Yes
297,297,2021-08-21,2021-09-08,Completed,No
298,298,2021-04-02,2021-04-28,Completed,Yes
299,299,2021-11-14,2021-12-09,Completed,No
300,300,2023-06-10,2023-06-29,Pending,No
301,301,2021-12-13,2021-12-20,Completed,No
302,302,2025-04-28,2025-05-05,Completed,Yes
303,303,2023-05-26,2023-06-04,Completed,Yes
304,304,2023-10-18,2023-10-25,Completed,No
305,305,2025-05-10,2025-05-22,Completed,No
306,306,2021-03-15,2021-03-23,Completed,No
307,307,2023-12-24,2024-01-13,Completed,Yes
308,308,2025-05-09,2025-05-28,Completed,Yes
309,309,2022-05-31,2022-06-07,Completed,Yes
310,310,2025-04-18,2025-05-05,Completed,Yes
311,311,2023-07-27,2023-08-14,Completed,Yes
312,312,2023-08-24,2023-09-22,Completed,No
313,313,2021-11-03,2021-11-11,Completed,No
314,314,2023-04-16,2023-05-09,Completed,Yes
315,315,2021-08-25,2021-09-18,Completed,Yes
316,316,2023-02-23,2023-03-04,Pending,No
317,317,2023-08-04,2023-08-15,Completed,Yes
318,318,2023-04-22,2023-05-19,Completed,No
319,319,2025-09-23,2025-10-01,Completed,No
320,320,2022-11-02,2022-11-28,Completed,Yes
321,321,2023-09-03,2023-09-30,Completed,Yes
322,322,2025-10-17,2025-10-25,Completed,Yes
323,323,2024-12-26,2025-01-10,Pending,Yes
324,324,2021-09-19,2021-10-02,Completed,No
325,325,2022-09-02,2022-09-11,Completed,No
326,326,2021-12-26,2022-01-08,Completed,No
327,327,2022-02-25,2022-03-07,Completed,Yes
328,328,2024-12-19,2024-12-27,Completed,Yes
329,329,2024-12-14,2024-12-30,Completed,Yes
330,330,2025-11-03,2025-11-25,Pending,No
331,331,2024-04-09,2024-05-08,Completed,No
332,332,2025-11-09,2025-12-09,Completed,Yes
333,333,2024-12-03,2024-12-19,Completed,Yes
334,334,2023-11-13,2023-12-07,Completed,Yes
335,335,2022-12-05,2022-12-27,Completed,Yes
336,336,2022-04-11,2022-04-23,Pending,Yes
337,337,2021-01-04,2021-01-22,Completed,Yes
338,338,2022-07-29,2022-08-28,Pending,Yes
339,339,2025-05-08,2025-06-03,Completed,No
340,340,2025-06-01,2025-06-09,Pending,Yes
341,341,2023-09-11,2023-10-03,Completed,Yes
342,342,2025-04-25,2025-05-18,Completed,Yes
343,343,2022-02-04,2022-03-05,Pending,Yes
344,344,2021-11-13,2021-11-25,Pending,Yes
345,345,2022-08-24,2022-09-08,Completed,Yes
346,346,2021-01-16,2021-02-14,Completed,Yes
347,347,2023-02-02,2023-02-22,Completed,Yes
348,348,2022-08-20,2022-09-17,Pending,Yes
349,349,2021-06-02,2021-06-19,Completed,Yes
350,350,2022-05-31,2022-06-18,Completed,No
351,351,2024-07-16,2024-08-04,Pending,Yes
352,352,2024-02-09,2024-03-05,Completed,No
353,353,2023-04-25,2023-04-30,Pending,Yes
354,354,2024-02-26,2024-03-07,Completed,No
355,355,2021-04-22,2021-05-09,Completed,Yes
356,356,2021-10-14,2021-10-20,Completed,Yes
357,357,2021-04-19,2021-05-10,Completed,No
358,358,2021-09-21,2021-10-10,Completed,Yes
359,359,2022-03-13,2022-04-10,Pending,No
360,360,2024-06-24,2024-07-09,Pending,No
361,361,2021-02-03,2021-02-08,Completed,No
362,362,2025-06-18,2025-06-27,Completed,No
363,363,2022-08-24,2022-09-19,Pending,Yes
364,364,2024-12-27,2025-01-20,Completed,Yes
365,365,2022-09-16,2022-09-27,Completed,No
366,366,2024-04-30,2024-05-25,Pending,Yes
367,367,2024-09-23,2024-10-14,Completed,Yes
368,368,2021-05-24,2021-06-14,Pending,Yes
369,369,2024-09-06,2024-09-25,Completed,No
370,370,2025-09-01,2025-09-08,Completed,Yes
371,371,2025-11-30,2025-12-20,Completed,Yes
372,372,2024-06-28,2024-07-19,Pending,Yes
373,373,2025-02-01,2025-02-26,Pending,Yes
374,374,2025-06-05,2025-06-21,Pending,Yes
375,375,2021-11-22,2021-12-05,Completed,No
376,376,2021-10-18,2021-10-23,Completed,No
377,377,2022-06-02,2022-06-15,Completed,No
378,378,2025-06-15,2025-06-24,Completed,No
379,379,2021-10-08,2021-10-17,Pending,Yes
380,380,2025-08-25,2025-09-22,Pending,Yes
381,381,2023-07-23,2023-08-09,Pending,Yes
382,382,2024-10-27,2024-11-25,Completed,Yes
383,383,2022-02-28,2022-03-09,Pending,Yes
384,384,2025-03-03,2025-03-19,Completed,No
385,385,2021-09-16,2021-10-09,Completed,Yes
386,386,2024-05-14,2024-05-25,Completed,No
387,387,2021-01-23,2021-01-29,Completed,Yes
388,388,2021-03-08,2021-03-30,Completed,Yes
389,389,2022-11-24,2022-12-20,Completed,No
390,390,2021-06-08,2021-07-08,Pending,Yes
391,391,2024-05-14,2024-06-09,Completed,Yes
392,392,2022-12-11,2023-01-05,Pending,No
393,393,2025-06-20,2025-07-12,Pending,No
394,394,2024-10-14,2024-10-21,Pending,Yes
395,395,2022-05-12,2022-06-08,Completed,Yes
396,396,2022-03-09,2022-04-08,Pending,Yes
397,397,2024-07-17,2024-08-06,Completed,Yes
398,398,2021-05-19,2021-06-11,Pending,Yes
399,399,2022-10-10,2022-10-28,Completed,Yes
400,400,2023-03-24,2023-04-09,Completed,No
401,401,2024-10-17,2024-10-30,Completed,Yes
402,402,2023-08-15,2023-09-10,Completed,No
403,403,2022-03-13,2022-04-12,Completed,Yes
404,404,2022-10-12,2022-10-27,Completed,Yes
405,405,2021-04-25,2021-05-05,Completed,No
406,406,2025-02-23,2025-03-17,Completed,Yes
407,407,2024-11-03,2024-11-27,Completed,Yes
408,408,2024-05-15,2024-06-02,Completed,Yes
409,409,2022-11-25,2022-12-04,Completed,No
410,410,2021-10-19,2021-10-25,Completed,Yes
411,411,2022-04-08,2022-04-24,Completed,Yes
412,412,2025-03-12,2025-03-24,Completed,Yes
413,413,2024-11-07,2024-11-22,Completed,Yes
414,414,2024-09-04,2024-09-26,Completed,Yes
415,415,2022-12-30,2023-01-29,Completed,Yes
416,416,2021-02-21,2021-03-01,Completed,Yes
417,417,2022-04-20,2022-05-11,Pending,Yes
418,418,2021-11-28,2021-12-10,Completed,Yes
419,419,2023-04-24,2023-05-11,Completed,Yes
420,420,2023-05-05,2023-05-15,Pending,Yes
421,421,2022-03-29,2022-04-14,Completed,Yes
422,422,2023-10-14,2023-11-04,Completed,No
423,423,2024-11-12,2024-11-20,Completed,No
424,424,2025-06-24,2025-06-30,Completed,Yes
425,425,2022-07-24,2022-08-22,Completed,No
426,426,2023-10-04,2023-10-23,Completed,Yes
427,427,2021-09-12,2021-09-21,Completed,Yes
428,428,2024-04-11,2024-04-16,Completed,Yes
429,429,2025-07-08,2025-07-15,Pending,Yes
430,430,2025-10-20,2025-11-02,Pending,Yes
431,431,2021-04-07,2021-04-14,Completed,Yes
432,432,2022-07-19,2022-08-04,Completed,Yes
433,433,2023-01-09,2023-02-02,Completed,Yes
434,434,2025-02-20,2025-02-25,Completed,No
435,435,2025-01-21,2025-02-10,Completed,Yes
436,436,2025-08-17,2025-09-05,Pending,No
437,437,2025-09-24,2025-09-29,Pending,No
438,438,2025-08-02,2025-08-31,Completed,No
439,439,2024-06-15,2024-07-07,Completed,Yes
440,440,2022-09-10,2022-09-23,Completed,Yes
441,441,2022-04-03,2022-04-09,Pending,Yes
442,442,2025-09-23,2025-10-18,Completed,Yes
443,443,2023-12-28,2024-01-10,Completed,Yes
444,444,2023-03-24,2023-04-16,Completed,Yes
445,445,2022-01-25,2022-02-17,Completed,No
446,446,2024-10-27,2024-11-21,Completed,No
447,447,2023-01-04,2023-01-23,Pending,Yes
448,448,2024-11-09,2024-12-09,Completed,No
449,449,2023-10-28,2023-11-13,Pending,Yes
450,450,2023-04-11,2023-04-27,Pending,Yes
451,451,2023-09-04,2023-10-03,Pending,Yes
452,452,2021-02-23,2021-03-19,Pending,No
453,453,2021-06-06,2021-06-22,Completed,No
454,454,2025-11-20,2025-12-04,Pending,No
455,455,2022-02-09,2022-02-25,Completed,Yes
456,456,2023-01-14,2023-02-03,Completed,Yes
457,457,2024-09-08,2024-09-26,Completed,No
458,458,2021-01-27,2021-02-13,Pending,Yes
459,459,2024-06-12,2024-06-27,Completed,Yes
460,460,2023-08-24,2023-09-22,Completed,Yes
461,461,2025-02-09,2025-03-11,Completed,Yes
462,462,2024-02-13,2024-03-10,Completed,No
463,463,2022-05-18,2022-05-28,Completed,Yes
464,464,2023-07-26,2023-08-03,Completed,Yes
465,465,2023-10-10,2023-10-26,Completed,Yes
466,466,2022-11-07,2022-11-25,Pending,No
467,467,2024-11-01,2024-11-07,Completed,Yes
468,468,2025-07-09,2025-07-18,Completed,No
469,469,2021-10-18,2021-11-05,Completed,Yes
470,470,2021-12-09,2021-12-14,Completed,Yes
471,471,2021-12-02,2021-12-10,Completed,Yes
472,472,2024-05-05,2024-05-10,Completed,No
473,473,2021-10-18,2021-10-24,Completed,Yes
474,474,2021-11-30,2021-12-09,Completed,Yes
475,475,2025-02-22,2025-03-02,Pending,Yes
476,476,2021-01-25,2021-02-07,Completed,Yes
477,477,2025-03-03,2025-03-25,Pending,No
478,478,2021-11-15,2021-12-09,Pending,Yes
479,479,2022-11-08,2022-12-01,Completed,Yes
480,480,2023-12-13,2024-01-03,Completed,Yes
481,481,2023-08-30,2023-09-04,Pending,Yes
482,482,2021-02-08,2021-03-09,Completed,Yes
483,483,2024-04-24,2024-05-21,Completed,Yes
484,484,2021-05-14,2021-05-31,Completed,Yes
485,485,2023-04-12,2023-05-08,Completed,Yes
486,486,2025-10-24,2025-11-12,Pending,No
487,487,2024-03-16,2024-04-13,Completed,Yes
488,488,2022-04-20,2022-05-05,Completed,No
489,489,2021-06-06,2021-06-29,Completed,Yes
490,490,2022-10-27,2022-11-24,Completed,Yes
491,491,2022-06-18,2022-07-16,Completed,Yes
492,492,2022-03-26,2022-04-18,Completed,No
493,493,2021-02-24,2021-03-22,Pending,Yes
494,494,2023-09-04,2023-10-03,Completed,Yes
495,495,2024-12-01,2024-12-28,Pending,Yes
496,496,2023-08-29,2023-09-14,Pending,No
497,497,2024-02-13,2024-03-01,Completed,Yes
498,498,2023-01-31,2023-02-23,Completed,Yes
499,499,2021-05-17,2021-05-27,Completed,No
500,500,2021-07-14,2021-07-20,Completed,Yes
501,501,2024-10-04,2024-10-20,Completed,Yes
502,502,2024-10-09,2024-10-26,Completed,No
503,503,2025-09-09,2025-09-26,Pending,Yes
504,504,2021-03-16,2021-04-02,Completed,Yes
505,505,2024-03-18,2024-03-25,Pending,Yes
506,506,2025-01-10,2025-02-09,Pending,Yes
507,507,2025-08-13,2025-08-18,Pending,Yes
508,508,2023-03-18,2023-04-04,Completed,No
509,509,2025-05-26,2025-06-14,Completed,Yes
510,510,2024-11-03,2024-11-15,Completed,Yes
511,511,2023-09-26,2023-10-03,Pending,Yes
512,512,2022-06-02,2022-06-20,Completed,Yes
513,513,2025-07-03,2025-08-01,Completed,Yes
514,514,2023-06-07,2023-06-22,Completed,No
515,515,2025-08-03,2025-08-19,Completed,Yes
516,516,2023-01-02,2023-01-14,Completed,Yes
517,517,2023-08-28,2023-09-10,Completed,No
518,518,2023-08-20,2023-08-31,Completed,Yes
519,519,2024-02-07,2024-02-20,Completed,No
520,520,2022-05-10,2022-06-09,Completed,Yes
521,521,2021-05-31,2021-06-25,Completed,Yes
522,522,2021-03-24,2021-04-02,Completed,No
523,523,2025-07-30,2025-08-06,Completed,No
524,524,2021-10-10,2021-11-03,Completed,No
525,525,2021-08-20,2021-09-11,Completed,Yes
526,526,2025-08-10,2025-09-01,Completed,Yes
527,527,2024-12-18,2025-01-01,Completed,Yes
528,528,2024-11-09,2024-11-25,Completed,Yes
529,529,2025-07-30,2025-08-12,Completed,No
530,530,2023-03-29,2023-04-06,Completed,Yes
531,531,2021-11-21,2021-12-20,Completed,Yes
532,532,2021-06-10,2021-06-17,Completed,Yes
533,533,2022-12-28,2023-01-13,Pending,Yes
534,534,2021-06-08,2021-06-20,Completed,Yes
535,535,2022-03-12,2022-03-29,Completed,Yes
536,536,2025-04-09,2025-04-19,Completed,Yes
537,537,2021-01-30,2021-02-21,Pending,No
538,538,2022-01-13,2022-01-26,Pending,No
539,539,2023-06-16,2023-07-05,Pending,Yes
540,540,2021-06-26,2021-07-08,Pending,Yes
541,541,2023-08-03,2023-08-11,Pending,No
542,542,2025-07-09,2025-07-22,Completed,Yes
543,543,2023-05-17,2023-06-06,Completed,No
544,544,2025-03-22,2025-04-06,Pending,Yes
545,545,2023-04-10,2023-05-03,Completed,Yes
546,546,2023-03-15,2023-03-27,Completed,No
547,547,2025-08-29,2025-09-11,Pending,Yes
548,548,2023-02-05,2023-03-02,Completed,Yes
549,549,2022-09-23,2022-10-16,Pending,Yes
550,550,2022-09-20,2022-10-18,Pending,Yes
551,551,2023-12-28,2024-01-12,Completed,Yes
552,552,2025-04-23,2025-05-03,Pending,No
553,553,2022-12-09,2022-12-17,Pending,Yes
554,554,2022-06-13,2022-07-03,Pending,Yes
555,555,2024-02-29,2024-03-20,Completed,Yes
556,556,2024-05-04,2024-05-11,Completed,Yes
557,557,2024-03-13,2024-03-22,Completed,Yes
558,558,2021-12-14,2021-12-29,Pending,Yes
559,559,2023-07-22,2023-08-17,Completed,Yes
560,560,2022-03-01,2022-03-26,Completed,No
561,561,2025-02-08,2025-03-09,Completed,Yes
562,562,2024-02-13,2024-02-19,Completed,No
563,563,2023-06-12,2023-06-22,Completed,Yes
564,564,2021-05-16,2021-05-23,Completed,No
565,565,2024-03-01,2024-03-23,Completed,Yes
566,566,2021-07-29,2021-08-14,Completed,No
567,567,2024-11-09,2024-11-27,Completed,No
568,568,2022-09-23,2022-10-07,Pending,Yes
569,569,2022-10-09,2022-11-03,Completed,Yes
570,570,2023-10-05,2023-10-17,Pending,No
571,571,2023-04-15,2023-05-04,Completed,No
572,572,2023-03-13,2023-04-02,Completed,No
573,573,2024-03-31,2024-04-30,Completed,No
574,574,2024-08-27,2024-09-07,Completed,Yes
575,575,2022-03-15,2022-04-10,Pending,No
576,576,2022-06-06,2022-06-21,Completed,Yes
577,577,2022-08-13,2022-08-27,Completed,Yes
578,578,2023-01-24,2023-02-12,Completed,No
579,579,2023-02-27,2023-03-20,Completed,No
580,580,2023-11-26,2023-12-01,Pending,Yes
581,581,2025-10-21,2025-11-03,Completed,No
582,582,2022-09-25,2022-10-08,Completed,No
583,583,2021-12-19,2022-01-17,Completed,Yes
584,584,2022-09-03,2022-10-01,Completed,Yes
585,585,2024-05-16,2024-06-09,Completed,No
586,586,2022-05-05,2022-05-15,Completed,No
587,587,2025-09-11,2025-10-02,Completed,Yes
588,588,2023-08-28,2023-09-13,Completed,Yes
589,589,2023-10-01,2023-10-20,Pending,No
590,590,2021-09-25,2021-10-14,Pending,Yes
591,591,2025-04-27,2025-05-16,Completed,Yes
592,592,2025-07-02,2025-07-20,Completed,Yes
593,593,2023-09-07,2023-09-16,Completed,Yes
594,594,2025-01-29,2025-02-07,Completed,No
595,595,2023-07-09,2023-08-04,Pending,No
596,596,2022-12-14,2022-12-22,Completed,Yes
597,597,2025-03-08,2025-03-31,Pending,Yes
598,598,2025-07-03,2025-08-02,Completed,Yes
599,599,2022-12-19,2023-01-11,Pending,No
600,600,2024-07-25,2024-08-14,Completed,Yes
601,601,2025-05-19,2025-05-25,Completed,No
602,602,2025-04-14,2025-05-11,Completed,No
603,603,2022-01-07,2022-01-21,Completed,Yes
604,604,2022-06-27,2022-07-11,Completed,Yes
605,605,2021-09-01,2021-09-25,Completed,Yes
606,606,2023-04-16,2023-04-24,Completed,Yes
607,607,2024-05-11,2024-06-05,Completed,Yes
608,608,2022-05-10,2022-06-05,Pending,Yes
609,609,2021-07-25,2021-08-02,Completed,No
610,610,2025-06-03,2025-06-12,Completed,Yes
611,611,2025-06-17,2025-07-14,Pending,Yes
612,612,2023-11-13,2023-11-18,Completed,Yes
613,613,2024-06-23,2024-07-16,Completed,Yes
614,614,2023-01-07,2023-01-28,Completed,Yes
615,615,2021-07-08,2021-08-01,Completed,Yes
616,616,2024-04-21,2024-05-21,Pending,Yes
617,617,2022-11-02,2022-11-10,Completed,Yes
618,618,2025-02-02,2025-02-24,Completed,No
619,619,2021-08-21,2021-08-30,Completed,No
620,620,2023-09-17,2023-10-06,Completed,No
621,621,2024-12-29,2025-01-21,Completed,Yes
622,622,2025-10-09,2025-10-20,Completed,No
623,623,2021-12-03,2021-12-28,Completed,Yes
624,624,2022-06-28,2022-07-10,Completed,Yes
625,625,2023-11-02,2023-11-27,Completed,Yes
626,626,2021-04-22,2021-05-13,Completed,Yes
627,627,2023-08-31,2023-09-14,Pending,Yes
628,628,2021-08-06,2021-08-31,Completed,Yes
629,629,2022-12-14,2022-12-26,Completed,Yes
630,630,2025-01-03,2025-01-17,Pending,Yes
631,631,2024-04-12,2024-05-10,Pending,Yes
632,632,2024-08-08,2024-08-18,Pending,Yes
633,633,2023-04-28,2023-05-25,Completed,No
634,634,2025-05-26,2025-06-06,Completed,Yes
635,635,2023-03-15,2023-03-30,Completed,Yes
636,636,2025-08-17,2025-09-04,Completed,Yes
637,637,2024-07-25,2024-08-20,Pending,Yes
638,638,2023-03-22,2023-04-16,Completed,No
639,639,2025-04-02,2025-04-07,Completed,No
640,640,2023-08-15,2023-08-22,Pending,Yes
641,641,2023-10-15,2023-11-04,Completed,Yes
642,642,2025-05-25,2025-06-14,Completed,Yes
643,643,2023-02-09,2023-02-14,Completed,No
644,644,2021-02-16,2021-03-10,Pending,Yes
645,645,2021-06-26,2021-07-12,Completed,Yes
646,646,2021-10-31,2021-11-30,Completed,Yes
647,647,2025-05-23,2025-06-01,Completed,Yes
648,648,2024-04-20,2024-05-02,Completed,Yes
649,649,2024-05-25,2024-06-19,Completed,Yes
650,650,2024-05-24,2024-06-09,Completed,Yes
651,651,2024-11-29,2024-12-21,Completed,No
652,652,2024-10-13,2024-11-07,Completed,Yes
653,653,2023-11-17,2023-12-13,Completed,Yes
654,654,2021-11-25,2021-12-25,Pending,Yes
655,655,2022-06-02,2022-06-13,Completed,Yes
656,656,2024-08-01,2024-08-17,Completed,Yes
657,657,2022-11-28,2022-12-18,Pending,No
658,658,2024-10-12,2024-10-21,Completed,Yes
659,659,2022-03-09,2022-03-14,Completed,Yes
660,660,2025-01-17,2025-02-02,Pending,Yes
661,661,2023-12-05,2023-12-15,Completed,Yes
662,662,2022-03-17,2022-03-23,Completed,No
663,663,2024-07-23,2024-08-01,Completed,Yes
664,664,2025-05-05,2025-05-27,Completed,No
665,665,2025-06-14,2025-07-11,Completed,Yes
666,666,2023-11-23,2023-12-21,Completed,No
667,667,2023-06-09,2023-07-04,Completed,Yes
668,668,2022-10-25,2022-11-23,Completed,Yes
669,669,2023-09-08,2023-09-25,Completed,No
670,670,2022-08-05,2022-08-22,Completed,No
671,671,2025-10-20,2025-10-30,Completed,Yes
672,672,2023-05-23,2023-05-30,Completed,No
673,673,2025-05-25,2025-06-05,Completed,No
674,674,2021-04-05,2021-04-22,Completed,No
675,675,2023-04-09,2023-05-04,Completed,No
676,676,2023-04-02,2023-04-08,Completed,Yes
677,677,2023-02-13,2023-02-26,Completed,Yes
678,678,2021-10-30,2021-11-23,Completed,No
679,679,2023-08-24,2023-09-18,Pending,Yes
680,680,2025-06-30,2025-07-07,Completed,Yes
681,681,2024-06-07,2024-06-25,Completed,No
682,682,2023-07-12,2023-07-22,Pending,No
683,683,2022-03-26,2022-04-03,Completed,Yes
684,684,2025-01-27,2025-02-04,Completed,No
685,685,2023-06-12,2023-07-05,Completed,Yes
686,686,2023-08-16,2023-08-30,Completed,Yes
687,687,2023-05-19,2023-06-06,Completed,Yes
688,688,2024-04-05,2024-04-28,Completed,Yes
689,689,2021-08-23,2021-09-13,Completed,Yes
690,690,2022-03-19,2022-03-24,Pending,Yes
691,691,2022-01-14,2022-02-11,Completed,No
692,692,2021-05-05,2021-05-15,Completed,No
693,693,2021-06-14,2021-06-20,Pending,Yes
694,694,2024-04-27,2024-05-08,Completed,No
695,695,2021-08-27,2021-09-19,Completed,Yes
696,696,2021-11-17,2021-11-30,Completed,No
697,697,2022-02-08,2022-03-03,Completed,No
698,698,2024-09-13,2024-10-12,Completed,No
699,699,2024-07-18,2024-08-17,Completed,No
700,700,2025-09-09,2025-10-07,Completed,No
701,701,2024-03-20,2024-03-25,Completed,Yes
702,702,2023-11-02,2023-11-07,Completed,No
703,703,2022-12-05,2022-12-17,Completed,Yes
704,704,2025-06-29,2025-07-06,Completed,No
705,705,2024-04-01,2024-04-19,Completed,Yes
706,706,2023-04-13,2023-04-30,Pending,Yes
707,707,2023-01-17,2023-01-30,Completed,No
708,708,2022-07-06,2022-07-20,Completed,No
709,709,2024-02-20,2024-03-08,Pending,Yes
710,710,2025-04-26,2025-05-07,Completed,No
711,711,2025-06-04,2025-06-16,Completed,No
712,712,2024-02-03,2024-02-16,Completed,Yes
713,713,2022-07-01,2022-07-31,Pending,No
714,714,2021-10-05,2021-10-21,Completed,Yes
715,715,2025-09-28,2025-10-24,Pending,No
716,716,2022-02-21,2022-03-05,Pending,No
717,717,2022-09-05,2022-09-17,Completed,No
718,718,2024-04-18,2024-04-24,Completed,Yes
719,719,2022-08-14,2022-08-26,Completed,No
720,720,2025-04-25,2025-05-11,Completed,No
721,721,2024-09-24,2024-10-17,Completed,Yes
722,722,2024-02-05,2024-02-23,Completed,Yes
723,723,2023-11-14,2023-11-30,Completed,Yes
724,724,2025-10-09,2025-11-02,Completed,Yes
725,725,2025-01-31,2025-02-23,Pending,Yes
726,726,2024-02-02,2024-02-22,Completed,No
727,727,2021-06-18,2021-07-01,Pending,No
728,728,2025-06-11,2025-07-04,Completed,Yes
729,729,2023-05-07,2023-05-15,Completed,Yes
730,730,2021-04-29,2021-05-16,Completed,No
731,731,2024-03-25,2024-03-31,Completed,No
732,732,2022-07-30,2022-08-17,Completed,No
733,733,2022-09-01,2022-09-24,Completed,Yes
734,734,2023-10-03,2023-10-24,Completed,No
735,735,2022-10-24,2022-11-08,Completed,No
736,736,2023-06-06,2023-06-12,Completed,No
737,737,2021-09-01,2021-09-25,Completed,No
738,738,2023-05-09,2023-06-08,Completed,Yes
739,739,2022-01-13,2022-01-19,Completed,No
740,740,2025-02-12,2025-03-07,Completed,Yes
741,741,2021-09-20,2021-10-14,Completed,Yes
742,742,2022-09-24,2022-10-09,Pending,Yes
743,743,2024-01-05,2024-01-28,Completed,No
744,744,2021-08-30,2021-09-11,Pending,No
745,745,2022-06-30,2022-07-22,Completed,No
746,746,2024-04-21,2024-05-18,Completed,Yes
747,747,2025-01-02,2025-01-19,Completed,Yes
748,748,2025-10-30,2025-11-26,Pending,Yes
749,749,2024-06-27,2024-07-09,Completed,No
750,750,2024-01-29,2024-02-04,Completed,Yes
751,751,2023-02-07,2023-03-08,Completed,Yes
752,752,2022-04-20,2022-05-04,Completed,Yes
753,753,2025-01-31,2025-02-24,Completed,No
754,754,2024-05-22,2024-06-05,Completed,Yes
755,755,2021-05-10,2021-06-03,Completed,No
756,756,2024-01-25,2024-02-10,Completed,No
757,757,2022-06-06,2022-06-22,Completed,No
758,758,2022-04-01,2022-04-27,Pending,No
759,759,2025-04-03,2025-04-15,Completed,Yes
760,760,2025-11-12,2025-11-27,Pending,Yes
761,761,2025-04-07,2025-04-25,Pending,No
762,762,2022-04-22,2022-04-27,Completed,No
763,763,2024-10-05,2024-10-25,Completed,Yes
764,764,2021-04-03,2021-04-18,Pending,Yes
765,765,2021-07-22,2021-08-17,Completed,No
766,766,2022-09-13,2022-09-26,Pending,Yes
767,767,2023-04-13,2023-04-18,Completed,Yes
768,768,2025-10-16,2025-11-04,Completed,Yes
769,769,2025-03-27,2025-04-14,Completed,Yes
770,770,2021-05-20,2021-06-07,Completed,Yes
771,771,2025-03-14,2025-03-27,Completed,Yes
772,772,2024-03-11,2024-04-02,Completed,Yes
773,773,2024-06-22,2024-07-09,Pending,No
774,774,2022-09-17,2022-09-23,Completed,Yes
775,775,2022-03-22,2022-04-12,Completed,Yes
776,776,2022-08-31,2022-09-30,Pending,Yes
777,777,2024-02-17,2024-03-18,Completed,Yes
778,778,2021-11-19,2021-12-03,Completed,Yes
779,779,2024-01-06,2024-01-30,Pending,Yes
780,780,2025-08-08,2025-08-18,Completed,Yes
781,781,2024-08-26,2024-09-24,Completed,No
782,782,2024-06-30,2024-07-19,Completed,Yes
783,783,2023-07-21,2023-07-31,Completed,No
784,784,2024-08-23,2024-09-16,Completed,No
785,785,2025-05-30,2025-06-16,Pending,No
786,786,2021-11-18,2021-12-05,Completed,Yes
787,787,2025-04-06,2025-04-17,Completed,Yes
788,788,2025-11-07,2025-12-05,Completed,Yes
789,789,2024-09-22,2024-09-30,Completed,No
790,790,2021-10-15,2021-10-20,Completed,Yes
791,791,2021-08-31,2021-09-23,Pending,Yes
792,792,2024-10-17,2024-11-12,Completed,Yes
793,793,2025-06-16,2025-06-29,Completed,Yes
794,794,2021-09-09,2021-09-22,Completed,Yes
795,795,2021-03-03,2021-03-29,Completed,No
796,796,2024-05-24,2024-06-01,Completed,Yes
797,797,2023-10-21,2023-11-12,Completed,No
798,798,2023-06-01,2023-06-09,Completed,No
799,799,2025-09-24,2025-10-02,Completed,Yes
800,800,2023-11-11,2023-11-25,Completed,Yes
801,801,2021-05-25,2021-06-14,Pending,Yes
802,802,2023-05-01,2023-05-24,Completed,Yes
803,803,2021-09-05,2021-09-10,Completed,Yes
804,804,2021-12-07,2022-01-05,Completed,Yes
805,805,2021-01-10,2021-02-06,Completed,Yes
806,806,2021-12-31,2022-01-05,Completed,Yes
807,807,2023-07-17,2023-07-29,Completed,No
808,808,2024-12-04,2024-12-29,Completed,No
809,809,2025-01-03,2025-01-15,Completed,No
810,810,2024-06-22,2024-07-06,Completed,No
811,811,2025-10-14,2025-10-19,Completed,Yes
812,812,2021-08-04,2021-08-11,Pending,Yes
813,813,2024-08-01,2024-08-10,Completed,Yes
814,814,2021-03-03,2021-03-13,Completed,Yes
815,815,2022-03-27,2022-04-07,Completed,Yes
816,816,2025-11-07,2025-12-05,Completed,Yes
817,817,2021-07-23,2021-08-16,Completed,Yes
818,818,2023-06-18,2023-07-12,Pending,Yes
819,819,2022-06-24,2022-07-07,Pending,Yes
820,820,2023-02-19,2023-03-19,Completed,No
821,821,2023-09-06,2023-09-21,Pending,Yes
822,822,2023-07-21,2023-07-31,Pending,Yes
823,823,2023-07-26,2023-08-13,Completed,Yes
824,824,2021-05-13,2021-06-01,Pending,No
825,825,2022-02-18,2022-02-27,Completed,No
826,826,2024-01-12,2024-01-20,Completed,Yes
827,827,2022-03-30,2022-04-27,Pending,Yes
828,828,2025-10-31,2025-11-09,Completed,No
829,829,2024-07-30,2024-08-08,Completed,Yes
830,830,2024-03-20,2024-04-16,Pending,Yes
831,831,2025-10-01,2025-10-24,Completed,Yes
832,832,2021-05-01,2021-05-09,Pending,Yes
833,833,2022-12-09,2023-01-06,Pending,Yes
834,834,2022-11-21,2022-11-29,Completed,Yes
835,835,2022-04-12,2022-05-08,Completed,No
836,836,2021-10-09,2021-11-06,Completed,Yes
837,837,2023-07-31,2023-08-16,Pending,No
838,838,2022-04-26,2022-05-26,Pending,No
839,839,2022-09-08,2022-09-26,Completed,Yes
840,840,2022-08-04,2022-08-25,Completed,Yes
841,841,2025-01-31,2025-02-06,Pending,No
842,842,2023-03-09,2023-04-04,Pending,Yes
843,843,2023-08-27,2023-09-04,Pending,Yes
844,844,2024-01-09,2024-01-27,Pending,Yes
845,845,2021-11-23,2021-12-11,Pending,No
846,846,2024-01-20,2024-02-03,Pending,No
847,847,2021-03-18,2021-03-25,Completed,Yes
848,848,2023-12-01,2023-12-26,Pending,No
849,849,2023-08-05,2023-08-24,Pending,Yes
850,850,2022-06-25,2022-07-18,Completed,Yes
851,851,2024-11-01,2024-11-25,Completed,Yes
852,852,2024-07-02,2024-07-13,Pending,No
853,853,2021-08-27,2021-09-16,Completed,Yes
854,854,2025-05-11,2025-06-05,Completed,Yes
855,855,2024-12-13,2024-12-25,Completed,Yes
856,856,2021-11-25,2021-12-22,Completed,Yes
857,857,2024-05-28,2024-06-05,Completed,Yes
858,858,2022-04-21,2022-05-04,Pending,No
859,859,2022-02-27,2022-03-19,Pending,No
860,860,2022-12-11,2022-12-21,Completed,Yes
861,861,2025-07-30,2025-08-15,Pending,No
862,862,2025-02-14,2025-02-22,Completed,No
863,863,2025-07-01,2025-07-20,Completed,Yes
864,864,2022-01-19,2022-02-18,Completed,No
865,865,2023-03-01,2023-03-26,Completed,No
866,866,2022-04-30,2022-05-14,Completed,No
867,867,2023-08-19,2023-08-29,Completed,Yes
868,868,2021-07-20,2021-08-03,Completed,Yes
869,869,2023-03-23,2023-04-09,Pending,Yes
870,870,2025-10-20,2025-11-12,Completed,Yes
871,871,2025-10-08,2025-11-04,Completed,Yes
872,872,2024-01-24,2024-02-04,Completed,Yes
873,873,2024-06-09,2024-06-25,Pending,Yes
874,874,2022-06-07,2022-06-26,Pending,Yes
875,875,2023-05-09,2023-06-01,Completed,Yes
876,876,2022-10-24,2022-11-21,Completed,No
877,877,2021-12-03,2021-12-24,Completed,Yes
878,878,2024-11-29,2024-12-18,Completed,Yes
879,879,2025-04-29,2025-05-21,Completed,Yes
880,880,2023-06-30,2023-07-16,Pending,Yes
881,881,2025-05-05,2025-05-10,Completed,Yes
882,882,2021-01-19,2021-02-16,Completed,Yes
883,883,2023-11-12,2023-11-25,Completed,No
884,884,2024-03-07,2024-03-24,Completed,Yes
885,885,2024-11-05,2024-11-19,Completed,No
886,886,2022-11-26,2022-12-14,Completed,No
887,887,2025-03-31,2025-04-05,Completed,Yes
888,888,2025-06-15,2025-07-02,Completed,No
889,889,2025-06-23,2025-06-28,Completed,Yes
890,890,2021-10-04,2021-10-20,Completed,No
891,891,2021-12-23,2022-01-04,Completed,No
892,892,2024-05-25,2024-06-10,Pending,Yes
893,893,2023-05-30,2023-06-21,Completed,Yes
894,894,2024-11-05,2024-12-05,Completed,Yes
895,895,2022-08-01,2022-08-28,Pending,No
896,896,2021-01-12,2021-01-26,Completed,Yes
897,897,2022-08-21,2022-08-31,Completed,Yes
898,898,2021-07-08,2021-07-27,Completed,No
899,899,2021-02-08,2021-03-07,Completed,Yes
900,900,2022-05-27,2022-06-05,Completed,No
901,901,2025-04-06,2025-04-15,Pending,Yes
902,902,2023-08-15,2023-09-01,Completed,Yes
903,903,2023-05-28,2023-06-10,Completed,Yes
904,904,2023-09-29,2023-10-23,Completed,No
905,905,2023-01-20,2023-02-09,Pending,Yes
906,906,2021-11-16,2021-12-05,Completed,Yes
907,907,2025-01-10,2025-02-04,Completed,No
908,908,2023-07-20,2023-08-18,Completed,Yes
909,909,2023-04-10,2023-04-15,Completed,Yes
910,910,2024-02-28,2024-03-08,Completed,Yes
911,911,2022-01-26,2022-02-16,Completed,Yes
912,912,2023-02-23,2023-03-12,Completed,Yes
913,913,2022-04-20,2022-05-17,Pending,No
914,914,2022-07-11,2022-07-19,Completed,Yes
915,915,2023-08-31,2023-09-06,Pending,Yes
916,916,2023-08-19,2023-09-05,Completed,Yes
917,917,2025-05-09,2025-05-25,Completed,Yes
918,918,2022-06-30,2022-07-05,Completed,Yes
919,919,2023-09-12,2023-10-05,Completed,Yes
920,920,2024-07-13,2024-07-28,Completed,No
921,921,2023-05-08,2023-05-29,Completed,Yes
922,922,2023-03-01,2023-03-08,Completed,No
923,923,2024-05-11,2024-06-04,Completed,Yes
924,924,2024-07-30,2024-08-24,Completed,Yes
925,925,2021-12-18,2021-12-27,Completed,Yes
926,926,2022-02-03,2022-02-14,Completed,No
927,927,2021-06-16,2021-07-15,Pending,Yes
928,928,2022-12-25,2023-01-05,Pending,Yes
929,929,2021-10-26,2021-11-09,Pending,No
930,930,2021-07-05,2021-07-28,Completed,Yes
931,931,2021-05-25,2021-06-07,Completed,No
932,932,2022-05-15,2022-06-12,Completed,Yes
933,933,2024-10-24,2024-11-22,Pending,Yes
934,934,2023-10-13,2023-11-06,Pending,Yes
935,935,2021-12-01,2021-12-09,Completed,Yes
936,936,2025-03-13,2025-03-23,Pending,Yes
937,937,2021-11-26,2021-12-24,Completed,Yes
938,938,2023-11-21,2023-12-01,Completed,No
939,939,2025-11-28,2025-12-23,Completed,Yes
940,940,2025-07-06,2025-07-12,Completed,Yes
941,941,2025-07-26,2025-07-31,Completed,Yes
942,942,2025-06-09,2025-07-01,Completed,No
943,943,2025-01-28,2025-02-07,Completed,No
944,944,2023-07-25,2023-08-07,Pending,Yes
945,945,2022-09-28,2022-10-21,Completed,No
946,946,2022-03-27,2022-04-11,Completed,Yes
947,947,2023-07-10,2023-07-18,Completed,Yes
948,948,2023-01-15,2023-02-10,Completed,Yes
949,949,2024-09-29,2024-10-16,Completed,No
950,950,2023-02-14,2023-02-20,Completed,Yes
951,951,2025-02-24,2025-03-22,Completed,No
952,952,2022-07-04,2022-08-02,Completed,Yes
953,953,2021-09-09,2021-09-30,Completed,Yes
954,954,2023-11-09,2023-11-20,Completed,No
955,955,2023-09-08,2023-10-04,Pending,Yes
956,956,2024-10-20,2024-11-17,Pending,Yes
957,957,2021-02-28,2021-03-06,Pending,Yes
958,958,2025-07-28,2025-08-23,Completed,Yes
959,959,2024-06-03,2024-06-30,Pending,Yes
960,960,2022-05-27,2022-06-21,Completed,No
961,961,2023-06-03,2023-06-23,Completed,No
962,962,2022-10-23,2022-11-14,Completed,No
963,963,2023-03-16,2023-04-12,Completed,No
964,964,2025-06-09,2025-07-02,Completed,Yes
965,965,2023-02-02,2023-02-28,Completed,Yes
966,966,2023-06-12,2023-06-28,Completed,Yes
967,967,2023-02-21,2023-03-14,Pending,No
968,968,2023-04-25,2023-05-23,Completed,Yes
969,969,2024-11-17,2024-12-14,Pending,Yes
970,970,2023-05-27,2023-06-26,Completed,Yes
971,971,2023-01-21,2023-02-11,Completed,Yes
972,972,2022-03-15,2022-04-04,Pending,No
973,973,2021-09-21,2021-10-15,Completed,Yes
974,974,2022-02-12,2022-02-21,Completed,Yes
975,975,2022-10-25,2022-11-12,Completed,Yes
976,976,2025-05-02,2025-05-31,Pending,Yes
977,977,2023-07-14,2023-08-06,Completed,Yes
978,978,2025-09-08,2025-09-24,Pending,No
979,979,2022-02-14,2022-02-19,Completed,No
980,980,2021-12-23,2022-01-12,Completed,Yes
981,981,2023-07-10,2023-07-16,Completed,No
982,982,2021-01-04,2021-01-24,Completed,No
983,983,2025-05-23,2025-06-02,Pending,Yes
984,984,2024-04-02,2024-04-27,Completed,No
985,985,2023-11-26,2023-12-02,Completed,No
986,986,2023-02-10,2023-03-01,Pending,Yes
987,987,2023-05-22,2023-06-13,Completed,No
988,988,2023-03-04,2023-03-12,Completed,No
989,989,2024-10-18,2024-11-15,Completed,Yes
990,990,2022-07-24,2022-08-05,Completed,Yes
991,991,2024-07-10,2024-08-08,Completed,No
992,992,2024-05-13,2024-05-29,Pending,Yes
993,993,2021-06-07,2021-07-07,Completed,No
994,994,2023-11-02,2023-11-18,Completed,Yes
995,995,2021-12-17,2022-01-10,Completed,Yes
996,996,2024-04-25,2024-05-13,Completed,Yes
997,997,2022-01-03,2022-01-28,Completed,No
998,998,2022-03-10,2022-04-01,Completed,Yes
999,999,2025-01-20,2025-02-09,Completed,No
1000,1000,2024-03-30,2024-04-13,Completed,Yes
1001,1001,2024-01-07,2024-02-04,Completed,Yes
1002,1002,2025-06-13,2025-07-05,Completed,Yes
1003,1003,2022-10-29,2022-11-27,Completed,Yes
1004,1004,2021-08-22,2021-09-03,Completed,Yes
1005,1005,2025-03-28,2025-04-09,Completed,No
1006,1006,2021-08-03,2021-08-19,Completed,Yes
1007,1007,2022-05-24,2022-06-03,Completed,No
1008,1008,2024-03-29,2024-04-04,Completed,No
1009,1009,2025-10-06,2025-10-21,Pending,No
1010,1010,2023-12-12,2024-01-06,Completed,No
1011,1011,2024-12-26,2025-01-13,Pending,No
1012,1012,2023-07-14,2023-07-27,Completed,Yes
1013,1013,2023-12-05,2024-01-03,Completed,Yes
1014,1014,2022-05-29,2022-06-08,Completed,No
1015,1015,2025-07-21,2025-08-17,Completed,Yes
1016,1016,2024-06-27,2024-07-17,Completed,Yes
1017,1017,2023-09-15,2023-10-07,Completed,Yes
1018,1018,2025-01-01,2025-01-25,Completed,No
1019,1019,2022-04-27,2022-05-11,Completed,Yes
1020,1020,2022-11-23,2022-12-02,Completed,Yes
1021,1021,2024-04-14,2024-04-23,Completed,Yes
1022,1022,2023-02-02,2023-02-20,Completed,No
1023,1023,2022-12-13,2022-12-28,Completed,No
1024,1024,2024-09-11,2024-09-19,Pending,Yes
1025,1025,2022-07-19,2022-08-14,Completed,Yes
1026,1026,2025-11-27,2025-12-11,Completed,Yes
1027,1027,2022-05-26,2022-06-24,Pending,No
1028,1028,2021-06-09,2021-07-05,Completed,Yes
1029,1029,2021-11-03,2021-11-15,Completed,Yes
1030,1030,2022-04-30,2022-05-21,Pending,Yes
1031,1031,2024-01-29,2024-02-21,Completed,No
1032,1032,2022-12-31,2023-01-18,Completed,Yes
1033,1033,2022-02-01,2022-02-22,Completed,Yes
1034,1034,2024-04-19,2024-04-27,Completed,Yes
1035,1035,2025-09-13,2025-09-27,Completed,Yes
1036,1036,2023-06-22,2023-07-04,Completed,No
1037,1037,2023-06-20,2023-07-10,Completed,Yes
1038,1038,2025-01-21,2025-02-03,Completed,No
1039,1039,2024-01-27,2024-02-08,Pending,No
1040,1040,2021-01-22,2021-02-15,Pending,Yes
1041,1041,2022-08-12,2022-08-20,Completed,Yes
1042,1042,2023-10-04,2023-10-19,Pending,Yes
1043,1043,2024-01-14,2024-01-25,Pending,No
1044,1044,2025-06-15,2025-06-23,Completed,No
1045,1045,2025-05-30,2025-06-05,Completed,No
1046,1046,2022-01-22,2022-02-03,Pending,Yes
1047,1047,2024-09-25,2024-10-13,Completed,No
1048,1048,2022-02-01,2022-02-22,Completed,Yes
1049,1049,2024-06-03,2024-07-03,Completed,Yes
1050,1050,2022-02-06,2022-03-03,Completed,Yes
1051,1051,2025-09-17,2025-10-09,Pending,Yes
1052,1052,2021-09-23,2021-09-30,Pending,Yes
1053,1053,2021-02-01,2021-02-26,Completed,No
1054,1054,2024-03-20,2024-04-01,Pending,Yes
1055,1055,2021-10-18,2021-11-05,Completed,Yes
1056,1056,2024-02-25,2024-03-07,Completed,Yes
1057,1057,2022-11-01,2022-11-20,Completed,No
1058,1058,2022-03-01,2022-03-16,Pending,No
1059,1059,2025-01-05,2025-01-18,Pending,Yes
1060,1060,2024-09-30,2024-10-11,Completed,Yes
1061,1061,2022-11-17,2022-12-17,Completed,Yes
1062,1062,2021-11-10,2021-12-10,Completed,Yes
1063,1063,2022-03-19,2022-04-03,Pending,No
1064,1064,2022-05-13,2022-06-06,Completed,Yes
1065,1065,2022-11-15,2022-12-05,Completed,Yes
1066,1066,2025-02-11,2025-03-01,Completed,Yes
1067,1067,2021-09-05,2021-09-14,Completed,No
1068,1068,2024-07-23,2024-08-08,Completed,No
1069,1069,2023-12-28,2024-01-24,Pending,Yes
1070,1070,2022-06-18,2022-07-08,Completed,Yes
1071,1071,2023-03-24,2023-04-16,Completed,Yes
1072,1072,2023-10-03,2023-10-19,Completed,No
1073,1073,2021-12-27,2022-01-24,Pending,Yes
1074,1074,2024-05-30,2024-06-15,Completed,No
1075,1075,2022-09-22,2022-10-20,Completed,No
1076,1076,2021-12-03,2021-12-24,Pending,Yes
1077,1077,2023-05-09,2023-06-02,Completed,No
1078,1078,2022-03-11,2022-03-28,Completed,Yes
1079,1079,2022-04-30,2022-05-30,Completed,No
1080,1080,2023-04-07,2023-04-20,Completed,Yes
1081,1081,2021-08-21,2021-09-05,Completed,No
1082,1082,2023-07-24,2023-08-21,Completed,Yes
1083,1083,2021-03-04,2021-03-09,Completed,Yes
1084,1084,2023-05-21,2023-06-09,Completed,No
1085,1085,2025-05-09,2025-06-07,Completed,No
1086,1086,2022-01-12,2022-01-21,Completed,Yes
1087,1087,2023-05-02,2023-05-29,Completed,Yes
1088,1088,2023-08-15,2023-09-01,Pending,Yes
1089,1089,2024-12-04,2024-12-21,Completed,No
1090,1090,2023-01-27,2023-02-23,Completed,Yes
1091,1091,2022-12-29,2023-01-25,Pending,Yes
1092,1092,2025-08-22,2025-08-27,Completed,Yes
1093,1093,2024-06-08,2024-06-17,Completed,No
1094,1094,2024-07-23,2024-08-12,Pending,No
1095,1095,2025-10-28,2025-11-07,Completed,No
1096,1096,2021-04-05,2021-04-25,Completed,Yes
1097,1097,2021-01-15,2021-02-08,Completed,Yes
1098,1098,2022-01-18,2022-02-11,Completed,Yes
1099,1099,2023-06-27,2023-07-15,Completed,Yes
1100,1100,2023-06-16,2023-07-07,Pending,Yes
1101,1101,2021-02-07,2021-03-04,Completed,No
1102,1102,2024-10-29,2024-11-09,Pending,Yes
1103,1103,2025-05-03,2025-05-30,Completed,Yes
1104,1104,2021-07-04,2021-07-14,Completed,Yes
1105,1105,2023-10-08,2023-10-15,Completed,No
1106,1106,2022-06-15,2022-06-23,Pending,No
1107,1107,2022-04-15,2022-04-25,Completed,Yes
1108,1108,2022-10-20,2022-11-04,Completed,Yes
1109,1109,2025-07-19,2025-08-16,Completed,No
1110,1110,2021-09-28,2021-10-11,Completed,Yes
1111,1111,2025-07-18,2025-08-17,Completed,Yes
1112,1112,2025-03-26,2025-04-03,Completed,Yes
1113,1113,2025-10-15,2025-11-03,Completed,Yes
1114,1114,2021-09-11,2021-09-28,Completed,Yes
1115,1115,2023-09-04,2023-09-19,Completed,No
1116,1116,2023-07-17,2023-08-04,Completed,No
1117,1117,2021-01-07,2021-01-16,Completed,Yes
1118,1118,2024-06-10,2024-07-05,Completed,No
1119,1119,2024-03-10,2024-04-06,Completed,Yes
1120,1120,2025-08-08,2025-09-03,Pending,Yes
1121,1121,2021-04-29,2021-05-04,Completed,No
1122,1122,2025-07-03,2025-07-17,Completed,No
1123,1123,2024-05-31,2024-06-18,Completed,No
1124,1124,2021-07-14,2021-07-24,Completed,Yes
1125,1125,2024-04-21,2024-04-29,Completed,Yes
1126,1126,2022-08-08,2022-08-21,Completed,Yes
1127,1127,2025-09-21,2025-10-03,Completed,No
1128,1128,2023-06-29,2023-07-18,Completed,Yes
1129,1129,2021-10-08,2021-11-06,Pending,No
1130,1130,2024-02-03,2024-02-13,Pending,No
1131,1131,2025-05-21,2025-05-29,Completed,Yes
1132,1132,2024-09-19,2024-10-02,Completed,No
1133,1133,2022-11-04,2022-11-09,Completed,Yes
1134,1134,2023-07-06,2023-07-15,Completed,No
1135,1135,2021-04-14,2021-05-12,Completed,Yes
1136,1136,2023-05-13,2023-05-30,Completed,No
1137,1137,2025-11-15,2025-12-02,Completed,Yes
1138,1138,2025-11-15,2025-12-12,Completed,Yes
1139,1139,2021-08-02,2021-09-01,Completed,Yes
1140,1140,2021-09-30,2021-10-22,Completed,Yes
1141,1141,2021-12-10,2022-01-03,Completed,Yes
1142,1142,2023-05-24,2023-06-10,Completed,Yes
1143,1143,2021-01-03,2021-01-29,Completed,Yes
1144,1144,2023-11-29,2023-12-15,Completed,Yes
1145,1145,2025-07-09,2025-07-24,Completed,Yes
1146,1146,2021-03-06,2021-03-18,Completed,No
1147,1147,2022-09-17,2022-09-27,Completed,Yes
1148,1148,2024-01-25,2024-02-11,Completed,Yes
1149,1149,2024-07-09,2024-07-19,Pending,No
1150,1150,2024-04-27,2024-05-03,Completed,Yes
1151,1151,2023-07-16,2023-07-28,Completed,Yes
1152,1152,2021-10-21,2021-11-03,Pending,No
1153,1153,2022-01-09,2022-01-28,Completed,Yes
1154,1154,2022-09-07,2022-09-18,Completed,Yes
1155,1155,2022-03-19,2022-04-14,Completed,Yes
1156,1156,2024-12-01,2024-12-07,Completed,No
1157,1157,2021-09-05,2021-09-12,Completed,Yes
1158,1158,2023-04-30,2023-05-23,Completed,Yes
1159,1159,2025-02-28,2025-03-19,Completed,Yes
1160,1160,2022-12-09,2022-12-31,Pending,Yes
1161,1161,2024-06-24,2024-07-23,Completed,No
1162,1162,2023-05-19,2023-05-31,Pending,No
1163,1163,2021-07-30,2021-08-19,Completed,Yes
1164,1164,2022-09-18,2022-09-30,Pending,Yes
1165,1165,2025-02-12,2025-02-20,Completed,No
1166,1166,2022-01-28,2022-02-14,Pending,No
1167,1167,2023-11-03,2023-11-11,Completed,No
1168,1168,2023-03-22,2023-04-07,Completed,No
1169,1169,2021-02-25,2021-03-11,Completed,No
1170,1170,2022-11-30,2022-12-25,Completed,Yes
1171,1171,2022-06-20,2022-07-11,Pending,Yes
1172,1172,2025-07-12,2025-07-21,Pending,No
1173,1173,2021-06-12,2021-07-05,Pending,Yes
1174,1174,2023-06-08,2023-07-04,Completed,Yes
1175,1175,2021-02-22,2021-03-09,Pending,No
1176,1176,2022-07-23,2022-07-28,Completed,Yes
1177,1177,2022-12-10,2022-12-26,Completed,Yes
1178,1178,2025-08-09,2025-08-23,Pending,Yes
1179,1179,2024-01-13,2024-02-01,Completed,No
1180,1180,2021-11-21,2021-11-26,Completed,Yes
1181,1181,2025-10-15,2025-10-23,Completed,Yes
1182,1182,2022-01-29,2022-02-25,Completed,No
1183,1183,2024-03-24,2024-04-13,Completed,Yes
1184,1184,2025-02-25,2025-03-25,Completed,Yes
1185,1185,2025-09-01,2025-09-17,Pending,Yes
1186,1186,2022-10-14,2022-10-27,Pending,Yes
1187,1187,2023-05-03,2023-05-08,Completed,Yes
1188,1188,2025-07-12,2025-07-19,Completed,No
1189,1189,2021-02-19,2021-02-27,Completed,No
1190,1190,2023-07-18,2023-08-09,Completed,Yes
1191,1191,2022-05-11,2022-05-30,Completed,No
1192,1192,2023-08-18,2023-09-13,Completed,Yes
1193,1193,2022-06-27,2022-07-26,Completed,No
1194,1194,2022-08-05,2022-08-10,Completed,Yes
1195,1195,2022-09-08,2022-09-19,Completed,No
1196,1196,2023-08-26,2023-09-15,Pending,Yes
1197,1197,2025-06-15,2025-07-05,Completed,Yes
1198,1198,2021-01-22,2021-02-19,Completed,No
1199,1199,2021-02-10,2021-02-28,Completed,Yes
1200,1200,2022-10-12,2022-10-25,Completed,Yes
